doc_id,name,indexing_status,created_at
21e15556-a590-4a2d-9700-e06523c854cb,갑근세 기타서류(적립금)_1994~1999_1994 원천징수 영수철_1994_전국재해대책협의회_p23.jpeg,completed,1785648240
553ed906-dc87-489f-bc0b-7f19386e338d,갑근세 기타서류(적립금)_1994~1999_1994 원천세(갑근)_1994_p51.jpeg,completed,1785507095
08d3763f-f81b-40b7-ba38-701e72352d25,갑근세 기타서류(적립금)_1994~1999_1994 원천징수 영수철_1994_전국재해대책협의회_p0.jpeg,completed,1785507094
c094db87-07ab-4081-ae6c-c0afec2d89fd,갑근세 기타서류(적립금)_1994~1999_1997 갑근세_1997_p34.jpeg,completed,1785447048
2b6feb1f-0260-4613-8f0e-6bbc982a9bd5,갑근세 기타서류(적립금)_1994~1999_1997 갑근세_1997_p33.jpeg,completed,1785447039
26c5205a-3216-40ac-aa22-6a75b230128c,갑근세 기타서류(적립금)_1994~1999_1997 갑근세_1997_p32.jpeg,completed,1785447032
2f0eb977-0333-4687-a3df-b332ecf9e803,갑근세 기타서류(적립금)_1994~1999_1997 갑근세_1997_p31.jpeg,completed,1785447029
f6944379-1f3d-4979-b661-bc6b298595f6,갑근세 기타서류(적립금)_1994~1999_1997 갑근세_1997_p30.jpeg,completed,1785447028
629ee5b8-7edb-4078-bbf7-b8ebedd80037,갑근세 기타서류(적립금)_1994~1999_1997 갑근세_1997_p29.jpeg,completed,1785447027
37f47a02-f511-4a04-85a7-77fa8687615b,갑근세 기타서류(적립금)_1994~1999_1997 갑근세_1997_p28.jpeg,completed,1785447021
9ef1678d-808d-4b42-8c51-08acaad98df2,갑근세 기타서류(적립금)_1994~1999_1997 갑근세_1997_p27.jpeg,completed,1785447016
ae248e44-f1d9-4376-8dff-f8bfd2649a1f,갑근세 기타서류(적립금)_1994~1999_1997 갑근세_1997_p26.jpeg,completed,1785446979
4f304622-110b-4ec9-9114-effd22f81593,갑근세 기타서류(적립금)_1994~1999_1997 갑근세_1997_p25.jpeg,completed,1785446978
ad0a2c4e-96f8-499f-95b9-06a407c74208,갑근세 기타서류(적립금)_1994~1999_1997 갑근세_1997_p24.jpeg,completed,1785446974
d5f4c559-25f3-45d7-b970-ac6d5e31c15a,갑근세 기타서류(적립금)_1994~1999_1997 갑근세_1997_p23.jpeg,completed,1785446965
db2d7a37-aa5d-40b3-91de-64ff21be9cc2,갑근세 기타서류(적립금)_1994~1999_1997 갑근세_1997_p22.jpeg,completed,1785446954
e718a503-120a-47be-93c3-1637034bc41a,갑근세 기타서류(적립금)_1994~1999_1997 갑근세_1997_p21.jpeg,completed,1785446942
ff7bcfc1-2601-4b38-b25b-e2a95b7061b8,갑근세 기타서류(적립금)_1994~1999_1997 갑근세_1997_p20.jpeg,completed,1785446928
1d6ab475-1bcf-4fd8-a26b-3c64c146c656,갑근세 기타서류(적립금)_1994~1999_1997 갑근세_1997_p19.jpeg,completed,1785446927
869555a7-f01b-41fd-94ed-70992830a9b2,갑근세 기타서류(적립금)_1994~1999_1997 갑근세_1997_p18.jpeg,completed,1785446924
8d71e0e8-bb86-461b-8fd2-3d21e112854f,갑근세 기타서류(적립금)_1994~1999_1997 갑근세_1997_p16.jpeg,completed,1785446913
0ee80e1c-71ed-4a7c-99fc-b0eaf6d541ac,갑근세 기타서류(적립금)_1994~1999_1997 갑근세_1997_p17.jpeg,completed,1785446913
e9c49be0-a06a-46c7-bdcf-dd77ec62bbf5,갑근세 기타서류(적립금)_1994~1999_1997 갑근세_1997_p15.jpeg,completed,1785446890
6b5057e0-5ff7-4b61-a4a5-63e442a6e625,갑근세 기타서류(적립금)_1994~1999_1997 갑근세_1997_p14.jpeg,completed,1785446883
2b078193-b7a6-404c-a851-d357d3e2d1db,갑근세 기타서류(적립금)_1994~1999_1997 갑근세_1997_p13.jpeg,completed,1785446871
30874aa1-bc53-46ff-bc6e-6718aa9bc921,갑근세 기타서류(적립금)_1994~1999_1997 갑근세_1997_p12.jpeg,completed,1785446870
861e5a6d-4542-4960-9730-230814ad5ab9,갑근세 기타서류(적립금)_1994~1999_1997 갑근세_1997_p11.jpeg,completed,1785446869
b13ecd1b-bf2b-441b-8dfa-759e6b7d692f,갑근세 기타서류(적립금)_1994~1999_1997 갑근세_1997_p10.jpeg,completed,1785446868
e19944bf-fb04-437c-9598-5ae2317f2ddc,갑근세 기타서류(적립금)_1994~1999_1997 갑근세_1997_p9.jpeg,completed,1785446855
8bf17b1e-57e1-4e68-83d6-8857e7a77feb,갑근세 기타서류(적립금)_1994~1999_1997 갑근세_1997_p8.jpeg,completed,1785446826
50f172b0-99b1-4860-bce5-8130967f0660,갑근세 기타서류(적립금)_1994~1999_1997 갑근세_1997_p7.jpeg,completed,1785446824
fdb22e25-8151-4d1f-a090-30bde47dda04,갑근세 기타서류(적립금)_1994~1999_1997 갑근세_1997_p6.jpeg,completed,1785446815
e55065c5-d6ef-4523-bd19-7bbb205e62bd,갑근세 기타서류(적립금)_1994~1999_1997 갑근세_1997_p5.jpeg,completed,1785446811
d63113aa-7ee8-4e10-b210-d9eb8eae1e1d,갑근세 기타서류(적립금)_1994~1999_1997 갑근세_1997_p4.jpeg,completed,1785446810
0feae347-5f29-41e9-9950-5e888c1d50f9,갑근세 기타서류(적립금)_1994~1999_1997 갑근세_1997_p3.jpeg,completed,1785446804
6cba6970-a057-443f-90c1-64146148cd66,갑근세 기타서류(적립금)_1994~1999_1997 갑근세_1997_p2.jpeg,completed,1785446801
d7bed378-38c1-41dc-b226-bc3b5021ef49,갑근세 기타서류(적립금)_1994~1999_1997 갑근세_1997_p1.jpeg,completed,1785446785
ce9f4072-a8a5-4d26-bfbb-5db8f49695dc,갑근세 기타서류(적립금)_1994~1999_1997 갑근세_1997_p0.jpeg,completed,1785446771
70b8a222-6fdc-4c0a-992d-16c22ac68afb,"갑근세 기타서류(적립금)_1994~1999_1996 적립기금(수입, 지출)_1996_p95.jpeg",completed,1785446769
6ec68aca-c4ec-48fd-9e53-19d320827514,"갑근세 기타서류(적립금)_1994~1999_1996 적립기금(수입, 지출)_1996_p93.jpeg",completed,1785446750
119c23e6-8b11-4562-b21d-1949ab7bbffa,"갑근세 기타서류(적립금)_1994~1999_1996 적립기금(수입, 지출)_1996_p92.jpeg",completed,1785446743
ab7ce2d6-f515-42c2-a05f-8121ffbb8986,"갑근세 기타서류(적립금)_1994~1999_1996 적립기금(수입, 지출)_1996_p90.jpeg",completed,1785446727
d9b85d3f-83cd-4098-b840-14f169f72ea7,"갑근세 기타서류(적립금)_1994~1999_1996 적립기금(수입, 지출)_1996_p91.jpeg",completed,1785446727
cb9b0ce4-ae01-48fc-86ec-b8fb6592a76f,"갑근세 기타서류(적립금)_1994~1999_1996 적립기금(수입, 지출)_1996_p89.jpeg",completed,1785446724
226360a0-fada-45a8-b4a4-042170fbab94,"갑근세 기타서류(적립금)_1994~1999_1996 적립기금(수입, 지출)_1996_p88.jpeg",completed,1785446672
2e4e4a84-7546-4f52-bc8b-3cee94270644,"갑근세 기타서류(적립금)_1994~1999_1996 적립기금(수입, 지출)_1996_p87.jpeg",completed,1785446672
e0b29ee6-d728-4648-abf7-8d18b9f3df27,"갑근세 기타서류(적립금)_1994~1999_1996 적립기금(수입, 지출)_1996_p86.jpeg",completed,1785446670
e8d453e6-7cf6-44bd-9d29-0cefa03ca56e,"갑근세 기타서류(적립금)_1994~1999_1996 적립기금(수입, 지출)_1996_p85.jpeg",completed,1785446644
e771c57d-3cd7-48fc-b569-5384ba19db9c,"갑근세 기타서류(적립금)_1994~1999_1996 적립기금(수입, 지출)_1996_p84.jpeg",completed,1785446628
787ba271-988c-4d60-99a9-77c6558face7,"갑근세 기타서류(적립금)_1994~1999_1996 적립기금(수입, 지출)_1996_p83.jpeg",completed,1785446619
7c47107f-a1c8-4f5f-a4b7-881836e44b7d,"갑근세 기타서류(적립금)_1994~1999_1996 적립기금(수입, 지출)_1996_p82.jpeg",completed,1785446614
c1dd1882-82fc-4667-8495-5142822edf57,"갑근세 기타서류(적립금)_1994~1999_1996 적립기금(수입, 지출)_1996_p81.jpeg",completed,1785446596
eeda466c-5c20-4cf4-832d-a7d7785d1d57,"갑근세 기타서류(적립금)_1994~1999_1996 적립기금(수입, 지출)_1996_p80.jpeg",completed,1785446582
09b09910-cba7-4f59-b709-7b6ccf9cb6ff,"갑근세 기타서류(적립금)_1994~1999_1996 적립기금(수입, 지출)_1996_p79.jpeg",completed,1785446569
910dd6bd-9330-4a28-aa75-d46553cbbd8f,"갑근세 기타서류(적립금)_1994~1999_1996 적립기금(수입, 지출)_1996_p78.jpeg",completed,1785446562
937ff238-e65a-413f-8365-b5f581e23098,"갑근세 기타서류(적립금)_1994~1999_1996 적립기금(수입, 지출)_1996_p77.jpeg",completed,1785446551
fffe2391-43e4-4437-ba0e-e3e76c6a5619,"갑근세 기타서류(적립금)_1994~1999_1996 적립기금(수입, 지출)_1996_p76.jpeg",completed,1785446550
ffa29e6e-2f5c-419e-b88a-6a119fcaf321,"갑근세 기타서류(적립금)_1994~1999_1996 적립기금(수입, 지출)_1996_p75.jpeg",completed,1785446513
b9009b8e-4bc4-42df-87df-e10c6dd60797,"갑근세 기타서류(적립금)_1994~1999_1996 적립기금(수입, 지출)_1996_p74.jpeg",completed,1785446499
0045910f-0823-4950-922a-b52340ad19a6,"갑근세 기타서류(적립금)_1994~1999_1996 적립기금(수입, 지출)_1996_p73.jpeg",completed,1785446497
c9e479f9-ed93-49ec-9ab4-267e01442046,"갑근세 기타서류(적립금)_1994~1999_1996 적립기금(수입, 지출)_1996_p72.jpeg",completed,1785446497
23230ca2-587f-4110-8216-6c2d652abcc5,"갑근세 기타서류(적립금)_1994~1999_1996 적립기금(수입, 지출)_1996_p71.jpeg",completed,1785446496
9902c7b6-bbab-472a-89a9-513d07da7437,"갑근세 기타서류(적립금)_1994~1999_1996 적립기금(수입, 지출)_1996_p70.jpeg",completed,1785446489
940489bf-8528-43c4-8117-4e2179416e55,"갑근세 기타서류(적립금)_1994~1999_1996 적립기금(수입, 지출)_1996_p69.jpeg",completed,1785446488
971033b4-33d9-4c4e-be6b-3b87f2597284,"갑근세 기타서류(적립금)_1994~1999_1996 적립기금(수입, 지출)_1996_p68.jpeg",completed,1785446477
c860e67c-1125-49f5-bf5e-edc791461b12,"갑근세 기타서류(적립금)_1994~1999_1996 적립기금(수입, 지출)_1996_p67.jpeg",completed,1785446473
11a36c02-7934-41bc-9169-1205e68a7e1c,"갑근세 기타서류(적립금)_1994~1999_1996 적립기금(수입, 지출)_1996_p66.jpeg",completed,1785446468
393a7c11-b9c0-4d7d-8b5e-2be2c924783d,"갑근세 기타서류(적립금)_1994~1999_1996 적립기금(수입, 지출)_1996_p65.jpeg",completed,1785446458
c37539b8-33fd-4998-9cf7-d0c19d5e54a4,"갑근세 기타서류(적립금)_1994~1999_1996 적립기금(수입, 지출)_1996_p64.jpeg",completed,1785446442
c35d20dd-8e9a-49cf-be5f-de9803d114a4,"갑근세 기타서류(적립금)_1994~1999_1996 적립기금(수입, 지출)_1996_p63.jpeg",completed,1785446437
1264227a-8ea7-4745-a0c4-175cdad2b503,"갑근세 기타서류(적립금)_1994~1999_1996 적립기금(수입, 지출)_1996_p62.jpeg",completed,1785446430
c3a92cb2-f929-4256-b766-73667dc637f3,"갑근세 기타서류(적립금)_1994~1999_1996 적립기금(수입, 지출)_1996_p61.jpeg",completed,1785446411
78375018-0b1f-4ec4-a4bf-a8aee1b0910e,"갑근세 기타서류(적립금)_1994~1999_1996 적립기금(수입, 지출)_1996_p60.jpeg",completed,1785446405
12695fd8-11a9-4976-b834-aa8613befd27,"갑근세 기타서류(적립금)_1994~1999_1996 적립기금(수입, 지출)_1996_p59.jpeg",completed,1785446398
e87c541e-d76e-4325-ad0d-b76f1d934ae3,"갑근세 기타서류(적립금)_1994~1999_1996 적립기금(수입, 지출)_1996_p58.jpeg",completed,1785446367
0c5655fe-12c6-4695-aedd-4d957abd7987,"갑근세 기타서류(적립금)_1994~1999_1996 적립기금(수입, 지출)_1996_p57.jpeg",completed,1785446367
b179a9b2-d0bd-4647-af41-ca1be0ab81ae,"갑근세 기타서류(적립금)_1994~1999_1996 적립기금(수입, 지출)_1996_p56.jpeg",completed,1785446348
c70351c9-4f9e-425c-8f16-64a5b5e6aefb,"갑근세 기타서류(적립금)_1994~1999_1996 적립기금(수입, 지출)_1996_p55.jpeg",completed,1785446341
6316de9f-1ada-4550-a19e-e35e878574e7,"갑근세 기타서류(적립금)_1994~1999_1996 적립기금(수입, 지출)_1996_p54.jpeg",completed,1785446333
e2a51d7c-1720-4e8c-a675-bc6df59a0b4e,"갑근세 기타서류(적립금)_1994~1999_1996 적립기금(수입, 지출)_1996_p53.jpeg",completed,1785446332
72b33f1f-4039-47e2-9565-f805daee5f34,"갑근세 기타서류(적립금)_1994~1999_1996 적립기금(수입, 지출)_1996_p52.jpeg",completed,1785446304
9b7b2f6d-cf3c-4d53-988a-76c8036865ae,"갑근세 기타서류(적립금)_1994~1999_1996 적립기금(수입, 지출)_1996_p51.jpeg",completed,1785446291
aff7d7a4-84b4-472a-9cc4-183a477a21a9,"갑근세 기타서류(적립금)_1994~1999_1996 적립기금(수입, 지출)_1996_p50.jpeg",completed,1785446289
876db58c-7671-47fe-81cb-f71bf32af15e,"갑근세 기타서류(적립금)_1994~1999_1996 적립기금(수입, 지출)_1996_p49.jpeg",completed,1785446288
883b4850-5ad3-4753-ac11-edeb1f9ec975,"갑근세 기타서류(적립금)_1994~1999_1996 적립기금(수입, 지출)_1996_p48.jpeg",completed,1785446257
8de33c25-4636-4702-9cd8-daf5ae9e47e7,"갑근세 기타서류(적립금)_1994~1999_1996 적립기금(수입, 지출)_1996_p46.jpeg",completed,1785446247
227ffeb8-5ac5-49b1-a875-cad8f487457c,"갑근세 기타서류(적립금)_1994~1999_1996 적립기금(수입, 지출)_1996_p45.jpeg",completed,1785446223
4f425629-8ef3-45a8-8be8-86c8b660b716,"갑근세 기타서류(적립금)_1994~1999_1996 적립기금(수입, 지출)_1996_p44.jpeg",completed,1785446210
397e6748-3238-44d3-9e48-acde3d246ecc,"갑근세 기타서류(적립금)_1994~1999_1996 적립기금(수입, 지출)_1996_p43.jpeg",completed,1785446202
9eda99d6-7694-4427-8a1f-588181b5b443,"갑근세 기타서류(적립금)_1994~1999_1996 적립기금(수입, 지출)_1996_p42.jpeg",completed,1785446188
eed64de3-7e84-4e93-ae17-009e838239ed,"갑근세 기타서류(적립금)_1994~1999_1996 적립기금(수입, 지출)_1996_p41.jpeg",completed,1785446186
ec4f9cb3-de33-4776-86fd-758547999593,"갑근세 기타서류(적립금)_1994~1999_1996 적립기금(수입, 지출)_1996_p40.jpeg",completed,1785446170
6825b9bb-8322-4ed1-abd1-2db18e120e7e,"갑근세 기타서류(적립금)_1994~1999_1996 적립기금(수입, 지출)_1996_p39.jpeg",completed,1785446166
0398b8a6-01ef-4f0f-a1ec-c208b7a6de7a,"갑근세 기타서류(적립금)_1994~1999_1996 적립기금(수입, 지출)_1996_p38.jpeg",completed,1785446132
cbb43067-f11c-4ee9-8128-9f9bc75576dd,"갑근세 기타서류(적립금)_1994~1999_1996 적립기금(수입, 지출)_1996_p37.jpeg",completed,1785446129
d82c6468-42be-42a6-9bd8-eca59ded7600,"갑근세 기타서류(적립금)_1994~1999_1996 적립기금(수입, 지출)_1996_p36.jpeg",completed,1785446110
e17083a9-cc41-44e3-a2ed-b31091710950,"갑근세 기타서류(적립금)_1994~1999_1996 적립기금(수입, 지출)_1996_p35.jpeg",completed,1785446103
09cd5ec6-7720-4b44-adec-3c361f7738ed,"갑근세 기타서류(적립금)_1994~1999_1996 적립기금(수입, 지출)_1996_p34.jpeg",completed,1785446091
1dec4a69-8862-4722-9c4e-273382dc806c,"갑근세 기타서류(적립금)_1994~1999_1996 적립기금(수입, 지출)_1996_p33.jpeg",completed,1785446086
8bc066e0-6a3f-4d9b-98b4-d5106db22f4c,"갑근세 기타서류(적립금)_1994~1999_1996 적립기금(수입, 지출)_1996_p32.jpeg",completed,1785446060
0afdd309-8b1a-4373-898f-45992df0dc00,"갑근세 기타서류(적립금)_1994~1999_1996 적립기금(수입, 지출)_1996_p31.jpeg",completed,1785446051
7c0e6351-39d0-4adc-896a-dd1c226fabca,"갑근세 기타서류(적립금)_1994~1999_1996 적립기금(수입, 지출)_1996_p30.jpeg",completed,1785446041
bf91cc6a-539a-4af0-84ff-acc403aa694f,"갑근세 기타서류(적립금)_1994~1999_1996 적립기금(수입, 지출)_1996_p29.jpeg",completed,1785446021
4b5c28fd-3f71-49fd-a799-a20e947a72be,"갑근세 기타서류(적립금)_1994~1999_1996 적립기금(수입, 지출)_1996_p28.jpeg",completed,1785446001
55e39c6d-928c-48d5-ba6f-34277496157f,"갑근세 기타서류(적립금)_1994~1999_1996 적립기금(수입, 지출)_1996_p27.jpeg",completed,1785445998
ba0e07ce-cd90-4f35-9f08-226f07ef1ed4,"갑근세 기타서류(적립금)_1994~1999_1996 적립기금(수입, 지출)_1996_p26.jpeg",completed,1785445986
42d0529d-4741-4cfa-9e16-299d0f05d129,"갑근세 기타서류(적립금)_1994~1999_1996 적립기금(수입, 지출)_1996_p24.jpeg",completed,1785445984
d32ea1bb-8b1b-41b6-9fc2-82017f5ebba4,"갑근세 기타서류(적립금)_1994~1999_1996 적립기금(수입, 지출)_1996_p25.jpeg",completed,1785445984
1f0ffb56-5c14-47bc-a4a9-79f910ca2023,"갑근세 기타서류(적립금)_1994~1999_1996 적립기금(수입, 지출)_1996_p23.jpeg",completed,1785445971
988f355d-8001-423e-b187-1c0a76a6130f,"갑근세 기타서류(적립금)_1994~1999_1996 적립기금(수입, 지출)_1996_p22.jpeg",completed,1785445948
b622469b-be73-487b-aa5b-a89213c0ffca,"갑근세 기타서류(적립금)_1994~1999_1996 적립기금(수입, 지출)_1996_p21.jpeg",completed,1785445925
8c1c1df0-5c6d-49ab-b446-04f4fd3f29c6,"갑근세 기타서류(적립금)_1994~1999_1996 적립기금(수입, 지출)_1996_p20.jpeg",completed,1785445920
4162270f-4948-4d05-8e1a-4e78ede5df68,"갑근세 기타서류(적립금)_1994~1999_1996 적립기금(수입, 지출)_1996_p19.jpeg",completed,1785445909
5336e06a-9656-4abd-8fd2-fb75dee98665,"갑근세 기타서류(적립금)_1994~1999_1996 적립기금(수입, 지출)_1996_p18.jpeg",completed,1785445893
94d5dbf6-2eab-4ff6-8329-e2c2d2b748c3,"갑근세 기타서류(적립금)_1994~1999_1996 적립기금(수입, 지출)_1996_p17.jpeg",completed,1785445883
fe21d862-0cdb-4cde-86f6-0f9a9cad1294,"갑근세 기타서류(적립금)_1994~1999_1996 적립기금(수입, 지출)_1996_p16.jpeg",completed,1785445877
4258886d-9a91-4b8e-843c-ad8ca8c933a7,"갑근세 기타서류(적립금)_1994~1999_1996 적립기금(수입, 지출)_1996_p15.jpeg",completed,1785445858
b6de5aa2-84d5-4906-b6bd-25efdadc0b24,"갑근세 기타서류(적립금)_1994~1999_1996 적립기금(수입, 지출)_1996_p14.jpeg",completed,1785445854
8290f151-5325-41db-87f0-1dca9aa833e6,"갑근세 기타서류(적립금)_1994~1999_1996 적립기금(수입, 지출)_1996_p13.jpeg",completed,1785445842
7a1a4dd1-e358-4869-bc72-cedd35fa1b05,"갑근세 기타서류(적립금)_1994~1999_1996 적립기금(수입, 지출)_1996_p12.jpeg",completed,1785445823
0263daac-cc24-4b3f-8f8f-e12f4e78ea8d,"갑근세 기타서류(적립금)_1994~1999_1996 적립기금(수입, 지출)_1996_p11.jpeg",completed,1785445810
1282a2c7-0fe9-4fb3-9026-1b2ad1ff9501,"갑근세 기타서류(적립금)_1994~1999_1996 적립기금(수입, 지출)_1996_p10.jpeg",completed,1785445790
8f808b35-3801-44eb-87b6-f05903013302,"갑근세 기타서류(적립금)_1994~1999_1996 적립기금(수입, 지출)_1996_p9.jpeg",completed,1785445776
45c95d50-3b54-4263-ba27-f96d76e1f291,"갑근세 기타서류(적립금)_1994~1999_1996 적립기금(수입, 지출)_1996_p8.jpeg",completed,1785445773
346d3789-04e6-4cf4-93ad-c17fb9fa4642,"갑근세 기타서류(적립금)_1994~1999_1996 적립기금(수입, 지출)_1996_p7.jpeg",completed,1785445756
50fbaffd-8b94-4a4b-9756-57112e7ae7fb,"갑근세 기타서류(적립금)_1994~1999_1996 적립기금(수입, 지출)_1996_p6.jpeg",completed,1785445722
db37e285-bd4d-4439-8e85-5577ae812539,"갑근세 기타서류(적립금)_1994~1999_1996 적립기금(수입, 지출)_1996_p5.jpeg",completed,1785445715
aa6d2a63-51a1-42f0-b3d9-c7cd9c48400f,"갑근세 기타서류(적립금)_1994~1999_1996 적립기금(수입, 지출)_1996_p4.jpeg",completed,1785445695
dd46e078-1912-4deb-93d1-d138dd2f478b,"갑근세 기타서류(적립금)_1994~1999_1996 적립기금(수입, 지출)_1996_p3.jpeg",completed,1785445693
dc904fee-4a4e-4514-a2c1-6c6fced96f5d,"갑근세 기타서류(적립금)_1994~1999_1996 적립기금(수입, 지출)_1996_p2.jpeg",completed,1785445691
c273bc84-6b6e-4b0d-aa86-7a9741cab7c3,"갑근세 기타서류(적립금)_1994~1999_1996 적립기금(수입, 지출)_1996_p1.jpeg",completed,1785445677
09fd4141-fdcf-4e2e-b791-2ea88096a272,"갑근세 기타서류(적립금)_1994~1999_1996 적립기금(수입, 지출)_1996_p0.jpeg",completed,1785445665
dcf3d1e8-03a4-4a83-a9c9-01f6d3df21e6,갑근세 기타서류(적립금)_1994~1999_1996 갑근세_1996_p238.jpeg,completed,1785445657
5338cdda-5690-49ab-b4e1-845ad957c95e,갑근세 기타서류(적립금)_1994~1999_1996 갑근세_1996_p237.jpeg,completed,1785445646
15333bc3-1d8e-4e5d-a580-3ff76ae2b1be,갑근세 기타서류(적립금)_1994~1999_1996 갑근세_1996_p236.jpeg,completed,1785445639
8b9515d7-aefd-4640-83bd-e8b4f8cc6c7c,갑근세 기타서류(적립금)_1994~1999_1996 갑근세_1996_p235.jpeg,completed,1785445624
24a083c8-8b84-4a28-ba2d-c851180212d7,갑근세 기타서류(적립금)_1994~1999_1996 갑근세_1996_p234.jpeg,completed,1785445618
b9939276-43a0-4411-a3c3-ab2491837e25,갑근세 기타서류(적립금)_1994~1999_1996 갑근세_1996_p233.jpeg,completed,1785445618
1175b5e4-84df-45d4-aac0-06a1fbf90fca,갑근세 기타서류(적립금)_1994~1999_1996 갑근세_1996_p232.jpeg,completed,1785445607
1cb7f518-343b-4b0a-817d-c7bcba3ea56f,갑근세 기타서류(적립금)_1994~1999_1996 갑근세_1996_p231.jpeg,completed,1785445602
cec1d70e-b227-4538-8bf1-6fce6fe07166,갑근세 기타서류(적립금)_1994~1999_1996 갑근세_1996_p230.jpeg,completed,1785445595
869ae1c7-b2f8-47ce-99a5-6f623aae9137,갑근세 기타서류(적립금)_1994~1999_1996 갑근세_1996_p229.jpeg,completed,1785445578
a811cb8f-5827-41e7-b0ad-34e536762553,갑근세 기타서류(적립금)_1994~1999_1996 갑근세_1996_p228.jpeg,completed,1785445572
00f1b73c-be5e-4aa5-99e4-1664dd19a3d3,갑근세 기타서류(적립금)_1994~1999_1996 갑근세_1996_p227.jpeg,completed,1785445559
28864721-7cb1-46dd-9622-6ae7f6786391,갑근세 기타서류(적립금)_1994~1999_1996 갑근세_1996_p226.jpeg,completed,1785445548
8759b92c-aa32-42a9-b770-ed45a89d1813,갑근세 기타서류(적립금)_1994~1999_1996 갑근세_1996_p225.jpeg,completed,1785445539
986c9228-93fb-4735-a408-39cbdd7a7159,갑근세 기타서류(적립금)_1994~1999_1996 갑근세_1996_p224.jpeg,completed,1785445510
fd74aec9-c308-4c4b-b233-fdb498bf37ed,갑근세 기타서류(적립금)_1994~1999_1996 갑근세_1996_p223.jpeg,completed,1785445502
57f9ff0f-29ef-4af1-9cef-40a7842b978c,갑근세 기타서류(적립금)_1994~1999_1996 갑근세_1996_p222.jpeg,completed,1785445475
99be4e8d-6af3-47fe-a7b1-baa15d0c4061,갑근세 기타서류(적립금)_1994~1999_1996 갑근세_1996_p221.jpeg,completed,1785445466
410880ec-3885-4fcb-b8f2-24b979c8c0da,갑근세 기타서류(적립금)_1994~1999_1996 갑근세_1996_p220.jpeg,completed,1785445463
efd89715-dd17-43ea-a027-5f09d322b855,갑근세 기타서류(적립금)_1994~1999_1996 갑근세_1996_p219.jpeg,completed,1785445438
7035b82e-37f2-4d67-bf7d-646de486e1e9,갑근세 기타서류(적립금)_1994~1999_1996 갑근세_1996_p218.jpeg,completed,1785445436
72f3add5-3303-490f-aaaf-b63b7c5957d8,갑근세 기타서류(적립금)_1994~1999_1996 갑근세_1996_p217.jpeg,completed,1785445434
3dd57aad-a8f7-4d6a-b628-abaf8f0d87ba,갑근세 기타서류(적립금)_1994~1999_1996 갑근세_1996_p216.jpeg,completed,1785445427
3cb32a7d-b853-4628-af3d-0439016c11d2,갑근세 기타서류(적립금)_1994~1999_1996 갑근세_1996_p215.jpeg,completed,1785445418
9dbe2760-9b51-4c9d-b897-263ee1541f2f,갑근세 기타서류(적립금)_1994~1999_1996 갑근세_1996_p214.jpeg,completed,1785445393
77c5f425-bd4c-49ce-8254-a2e311913e4c,갑근세 기타서류(적립금)_1994~1999_1996 갑근세_1996_p213.jpeg,completed,1785445384
85df4ddb-5c9f-4eaa-8bb8-363de27d8500,갑근세 기타서류(적립금)_1994~1999_1996 갑근세_1996_p212.jpeg,completed,1785445382
29860576-1157-4caa-b90f-ef7e6fab96f9,갑근세 기타서류(적립금)_1994~1999_1996 갑근세_1996_p211.jpeg,completed,1785445374
892fc8ff-a56c-4872-bef7-5797382a64a1,갑근세 기타서류(적립금)_1994~1999_1996 갑근세_1996_p210.jpeg,completed,1785445347
9c17de89-4810-40d9-80a5-6be8aa454625,갑근세 기타서류(적립금)_1994~1999_1996 갑근세_1996_p209.jpeg,completed,1785445330
1c7a2fcc-1160-4761-b362-9ad13635df3f,갑근세 기타서류(적립금)_1994~1999_1996 갑근세_1996_p208.jpeg,completed,1785445326
33a59ff1-8459-4fab-9296-0d57e6c9a346,갑근세 기타서류(적립금)_1994~1999_1996 갑근세_1996_p207.jpeg,completed,1785445312
915d46a7-905f-4bf2-a47e-72e72f790888,갑근세 기타서류(적립금)_1994~1999_1996 갑근세_1996_p205.jpeg,completed,1785445308
b4f48667-a6f7-4afc-8af9-554e242fba66,갑근세 기타서류(적립금)_1994~1999_1996 갑근세_1996_p206.jpeg,completed,1785445308
0ef2593c-c361-4cb6-9634-5287e25eb75c,갑근세 기타서류(적립금)_1994~1999_1996 갑근세_1996_p204.jpeg,completed,1785445290
059db155-0ac2-488c-95c1-d27e950163ab,갑근세 기타서류(적립금)_1994~1999_1996 갑근세_1996_p203.jpeg,completed,1785445277
c7e34689-0917-4952-ab20-b57a3d709b66,갑근세 기타서류(적립금)_1994~1999_1996 갑근세_1996_p202.jpeg,completed,1785445266
7efe463b-8481-430d-9f16-77ba1e0409d0,갑근세 기타서류(적립금)_1994~1999_1996 갑근세_1996_p201.jpeg,completed,1785445250
7ed833e7-fec5-4966-ae46-5688be1b9b61,갑근세 기타서류(적립금)_1994~1999_1996 갑근세_1996_p200.jpeg,completed,1785445218
147f3284-f3de-4cbb-bacf-d23f10d455eb,갑근세 기타서류(적립금)_1994~1999_1996 갑근세_1996_p199.jpeg,completed,1785445213
3c0ff738-2a6a-4eaf-972a-d9ceee408d69,갑근세 기타서류(적립금)_1994~1999_1996 갑근세_1996_p198.jpeg,completed,1785445199
fb31d7d5-0e52-4878-bea8-ca1be5e433dc,갑근세 기타서류(적립금)_1994~1999_1996 갑근세_1996_p197.jpeg,completed,1785445184
e4bc3812-1e11-477b-9db0-737aa43ad1cb,갑근세 기타서류(적립금)_1994~1999_1996 갑근세_1996_p196.jpeg,completed,1785445172
d1be7010-9b19-4185-a482-4590acc52082,갑근세 기타서류(적립금)_1994~1999_1996 갑근세_1996_p195.jpeg,completed,1785445162
dcf58a30-0da6-41b1-b83a-4add59ea1f82,갑근세 기타서류(적립금)_1994~1999_1996 갑근세_1996_p194.jpeg,completed,1785445158
12526d13-1f75-4b70-a85d-973ad535cd46,갑근세 기타서류(적립금)_1994~1999_1996 갑근세_1996_p193.jpeg,completed,1785445152
a1bbbbe1-0ecc-41f1-9983-697f4b69e14f,갑근세 기타서류(적립금)_1994~1999_1996 갑근세_1996_p192.jpeg,completed,1785445126
a7e146b1-066a-4879-b0f5-4b317ced7822,갑근세 기타서류(적립금)_1994~1999_1996 갑근세_1996_p191.jpeg,completed,1785445125
9f76c89b-609d-4a7a-a21b-1d0ee9fed6ee,갑근세 기타서류(적립금)_1994~1999_1996 갑근세_1996_p190.jpeg,completed,1785445109
6195cd6e-5115-4eab-a790-c0a25f117e02,갑근세 기타서류(적립금)_1994~1999_1996 갑근세_1996_p189.jpeg,completed,1785445102
b8c4524b-32c5-4e06-9d88-6755e6fb1fe8,갑근세 기타서류(적립금)_1994~1999_1996 갑근세_1996_p188.jpeg,completed,1785445096
fc00fc5a-b934-40ed-b328-145b61c4e765,갑근세 기타서류(적립금)_1994~1999_1996 갑근세_1996_p187.jpeg,completed,1785445090
6a180cae-8f59-4497-846c-d3fd085ea9cf,갑근세 기타서류(적립금)_1994~1999_1996 갑근세_1996_p186.jpeg,completed,1785445070
208424bc-f7d3-4b67-9516-870bd07a7c34,갑근세 기타서류(적립금)_1994~1999_1996 갑근세_1996_p185.jpeg,completed,1785445069
b58004c4-8539-4b32-9965-f3d7fa66c068,갑근세 기타서류(적립금)_1994~1999_1996 갑근세_1996_p184.jpeg,completed,1785445062
652fb30b-d060-43fb-8e6d-60d2966e2616,갑근세 기타서류(적립금)_1994~1999_1996 갑근세_1996_p183.jpeg,completed,1785445048
58e87bc8-12ce-4efe-9f52-dc6cfdbb9af2,갑근세 기타서류(적립금)_1994~1999_1996 갑근세_1996_p182.jpeg,completed,1785445034
b9448f87-81c8-41eb-8ae6-d7ab237c10f6,갑근세 기타서류(적립금)_1994~1999_1996 갑근세_1996_p181.jpeg,completed,1785445033
3235d369-6c8e-4617-b4d1-b1c04e526d40,갑근세 기타서류(적립금)_1994~1999_1996 갑근세_1996_p180.jpeg,completed,1785445016
0543d2ec-c76b-4e94-9a48-d7fd83c24000,갑근세 기타서류(적립금)_1994~1999_1996 갑근세_1996_p179.jpeg,completed,1785445010
8dfdacd4-d51f-4ef2-ab51-1a6866e4058e,갑근세 기타서류(적립금)_1994~1999_1996 갑근세_1996_p178.jpeg,completed,1785445008
b6fb06d9-869b-4277-8840-8dac8a3505f0,갑근세 기타서류(적립금)_1994~1999_1996 갑근세_1996_p177.jpeg,completed,1785444986
e5610d0f-611b-4344-80e4-9d0471ecacfd,갑근세 기타서류(적립금)_1994~1999_1996 갑근세_1996_p176.jpeg,completed,1785444985
b44b0f7e-915f-4827-913a-717fbb8c3dda,갑근세 기타서류(적립금)_1994~1999_1996 갑근세_1996_p175.jpeg,completed,1785444983
987e6638-ca75-43a8-a78a-45f8c20dd17a,갑근세 기타서류(적립금)_1994~1999_1996 갑근세_1996_p174.jpeg,completed,1785444977
8497c0e0-ea77-48de-be5f-a46d09232fdd,갑근세 기타서류(적립금)_1994~1999_1996 갑근세_1996_p172.jpeg,completed,1785444960
4c1e5c26-d3f5-4bb2-94b4-04f987b601a4,갑근세 기타서류(적립금)_1994~1999_1996 갑근세_1996_p173.jpeg,completed,1785444959
59f3373b-b851-411b-a599-07e3a6305f09,갑근세 기타서류(적립금)_1994~1999_1996 갑근세_1996_p171.jpeg,completed,1785444930
2f38e02a-e40a-46dd-94df-50b327d2cb45,갑근세 기타서류(적립금)_1994~1999_1996 갑근세_1996_p170.jpeg,completed,1785444928
304ecb25-b425-4c21-a285-b8e1253df81b,갑근세 기타서류(적립금)_1994~1999_1996 갑근세_1996_p169.jpeg,completed,1785444919
cd11e82e-4fbf-402f-a165-ecf3a1df2182,갑근세 기타서류(적립금)_1994~1999_1996 갑근세_1996_p168.jpeg,completed,1785444911
6ed39bfe-f6b5-42f2-aa25-864d0872afda,갑근세 기타서류(적립금)_1994~1999_1996 갑근세_1996_p167.jpeg,completed,1785444907
8d380e02-53ee-4b09-a63f-15627c8b4f38,갑근세 기타서류(적립금)_1994~1999_1996 갑근세_1996_p166.jpeg,completed,1785444891
8f2a9df5-331e-4775-9b1b-feadbc50422e,갑근세 기타서류(적립금)_1994~1999_1996 갑근세_1996_p165.jpeg,completed,1785444890
f40dfd71-f648-4054-9986-ba7fd6215795,갑근세 기타서류(적립금)_1994~1999_1996 갑근세_1996_p164.jpeg,completed,1785444889
5c792369-1d4e-4f7b-a520-74fad82ca9c6,갑근세 기타서류(적립금)_1994~1999_1996 갑근세_1996_p163.jpeg,completed,1785444889
486bd82e-4239-4ff4-a6c9-bb383b15e348,갑근세 기타서류(적립금)_1994~1999_1996 갑근세_1996_p162.jpeg,completed,1785444888
0fa67287-4222-4871-b371-3911b0e7751e,갑근세 기타서류(적립금)_1994~1999_1996 갑근세_1996_p161.jpeg,completed,1785444884
c68d180c-f384-4995-9fc8-b04fefa56363,갑근세 기타서류(적립금)_1994~1999_1996 갑근세_1996_p160.jpeg,completed,1785444876
a50c330d-38de-43ba-9a2b-1809d86372c7,갑근세 기타서류(적립금)_1994~1999_1996 갑근세_1996_p159.jpeg,completed,1785444869
10cb852f-755d-4dca-9dc4-c17345baa9fd,갑근세 기타서류(적립금)_1994~1999_1996 갑근세_1996_p158.jpeg,completed,1785444861
aa06b470-42fd-4c8a-95db-070707d566dd,갑근세 기타서류(적립금)_1994~1999_1996 갑근세_1996_p157.jpeg,completed,1785444853
da65f98c-88ee-4a8f-a506-e5a70cba8d4a,갑근세 기타서류(적립금)_1994~1999_1996 갑근세_1996_p151.jpeg,completed,1785444787
051574ff-0b86-45c3-92e0-df789785faed,갑근세 기타서류(적립금)_1994~1999_1996 갑근세_1996_p150.jpeg,completed,1785444785
e32546df-cf15-4453-9776-f7bc37e04e3e,갑근세 기타서류(적립금)_1994~1999_1996 갑근세_1996_p149.jpeg,completed,1785444781
f6143d2e-5bae-4e1a-8be3-45ffc970fe6b,갑근세 기타서류(적립금)_1994~1999_1996 갑근세_1996_p148.jpeg,completed,1785444758
ba7b3a1a-e6dc-47f7-811c-c4e2dd229479,갑근세 기타서류(적립금)_1994~1999_1996 갑근세_1996_p147.jpeg,completed,1785444755
5c7b4de2-043d-4eea-ba08-304cde093b5e,갑근세 기타서류(적립금)_1994~1999_1996 갑근세_1996_p146.jpeg,completed,1785444750
0e98819f-55c7-4ec5-9158-d2421598fb03,갑근세 기타서류(적립금)_1994~1999_1996 갑근세_1996_p145.jpeg,completed,1785444745
2cfb6f2c-8f34-40a4-8797-3e12b7ace725,갑근세 기타서류(적립금)_1994~1999_1996 갑근세_1996_p144.jpeg,completed,1785444718
91eef757-cf13-4bdb-b9e2-0c8d53b17403,갑근세 기타서류(적립금)_1994~1999_1996 갑근세_1996_p143.jpeg,completed,1785444710
7c11708f-e3e6-4a9e-85f1-a16d0969136c,갑근세 기타서류(적립금)_1994~1999_1996 갑근세_1996_p142.jpeg,completed,1785444706
3f78225d-19ba-4b9d-9b37-6080a6de452c,갑근세 기타서류(적립금)_1994~1999_1996 갑근세_1996_p141.jpeg,completed,1785444690
51921d69-548b-4bd5-b556-48f3f57a6421,갑근세 기타서류(적립금)_1994~1999_1996 갑근세_1996_p140.jpeg,completed,1785444684
620882d5-3d4d-4f26-963d-709e0dba829b,갑근세 기타서류(적립금)_1994~1999_1996 갑근세_1996_p139.jpeg,completed,1785444684
16abb681-afe1-4d5b-bcb9-057dd33e3629,갑근세 기타서류(적립금)_1994~1999_1996 갑근세_1996_p138.jpeg,completed,1785444682
cfc37e66-37bd-4a72-b40d-0d8bc37f6c91,갑근세 기타서류(적립금)_1994~1999_1996 갑근세_1996_p137.jpeg,completed,1785444681
2f8b4dd3-5a57-4abb-abe6-6903f6a95230,갑근세 기타서류(적립금)_1994~1999_1996 갑근세_1996_p136.jpeg,completed,1785444680
7494e99f-41f7-44eb-91a8-3ca8c5bc8379,갑근세 기타서류(적립금)_1994~1999_1996 갑근세_1996_p135.jpeg,completed,1785444675
bde09bc3-8e12-49eb-aff2-428462691a16,갑근세 기타서류(적립금)_1994~1999_1996 갑근세_1996_p134.jpeg,completed,1785444673
011a2ac1-467e-47a0-a88d-22f0c31e3ff9,갑근세 기타서류(적립금)_1994~1999_1996 갑근세_1996_p133.jpeg,completed,1785444672
2baeaf49-3519-41d2-89f9-81e03410778f,갑근세 기타서류(적립금)_1994~1999_1996 갑근세_1996_p132.jpeg,completed,1785444665
78d219e2-76fb-4417-a612-12a1d756c2a8,갑근세 기타서류(적립금)_1994~1999_1996 갑근세_1996_p131.jpeg,completed,1785444639
d694b8a3-c7f3-4927-970a-b6bcb35a92ea,갑근세 기타서류(적립금)_1994~1999_1996 갑근세_1996_p130.jpeg,completed,1785444639
f3ea3dc9-1e40-4e6f-bd30-c9afe15cd888,갑근세 기타서류(적립금)_1994~1999_1996 갑근세_1996_p129.jpeg,completed,1785444627
2179db69-3f08-43d7-893b-78957fc98ddd,갑근세 기타서류(적립금)_1994~1999_1996 갑근세_1996_p128.jpeg,completed,1785444621
932c0921-92b4-4f12-8761-4870d9655035,갑근세 기타서류(적립금)_1994~1999_1996 갑근세_1996_p127.jpeg,completed,1785444594
0fe2b056-6cf8-46cc-85b9-d635b112c0af,갑근세 기타서류(적립금)_1994~1999_1996 갑근세_1996_p126.jpeg,completed,1785444586
a4cebe51-249c-458e-9279-532caf555578,갑근세 기타서류(적립금)_1994~1999_1996 갑근세_1996_p125.jpeg,completed,1785444581
a1ede35e-3997-41fb-b1f0-cf66bef961b9,갑근세 기타서류(적립금)_1994~1999_1996 갑근세_1996_p124.jpeg,completed,1785444574
c3182351-c3bf-48cd-b6eb-68cbbcd0fc59,갑근세 기타서류(적립금)_1994~1999_1996 갑근세_1996_p123.jpeg,completed,1785444570
7ee77341-7f6f-44d7-920e-1913ebb349f3,갑근세 기타서류(적립금)_1994~1999_1996 갑근세_1996_p122.jpeg,completed,1785444551
8f07d881-f0cf-4327-83e4-7ffb4899b7c7,갑근세 기타서류(적립금)_1994~1999_1996 갑근세_1996_p121.jpeg,completed,1785444523
dfadadd7-2623-4924-9199-5c7dae6e9bc2,갑근세 기타서류(적립금)_1994~1999_1996 갑근세_1996_p120.jpeg,completed,1785444509
f61a1924-173e-487b-b7a4-99bf039731ab,갑근세 기타서류(적립금)_1994~1999_1996 갑근세_1996_p119.jpeg,completed,1785444478
248e0dea-74a7-4ddd-97f8-55fb6e2dc026,갑근세 기타서류(적립금)_1994~1999_1996 갑근세_1996_p118.jpeg,completed,1785444436
7cf3f90c-3c85-4ccb-a8d7-28544c716850,갑근세 기타서류(적립금)_1994~1999_1996 갑근세_1996_p117.jpeg,completed,1785444406
d1d4acf1-e768-45a2-a0af-d91ea76cf31c,갑근세 기타서류(적립금)_1994~1999_1996 갑근세_1996_p116.jpeg,completed,1785444401
eef6d28f-c5f9-4e7d-bf81-ea2664bae5de,갑근세 기타서류(적립금)_1994~1999_1996 갑근세_1996_p115.jpeg,completed,1785444368
f5a30308-2033-4b58-a991-0637b349f7ca,갑근세 기타서류(적립금)_1994~1999_1996 갑근세_1996_p114.jpeg,completed,1785444364
ac92ec28-4d86-4a05-af6c-b51b31b20940,갑근세 기타서류(적립금)_1994~1999_1996 갑근세_1996_p113.jpeg,completed,1785444346
41c35072-bb77-4771-8043-fcfcc317b4de,갑근세 기타서류(적립금)_1994~1999_1996 갑근세_1996_p112.jpeg,completed,1785444333
cc6a3282-81fe-4a92-bc06-e11ab7028c0e,갑근세 기타서류(적립금)_1994~1999_1996 갑근세_1996_p111.jpeg,completed,1785444331
37f46a1a-7898-40d0-8554-be22731e7b96,갑근세 기타서류(적립금)_1994~1999_1996 갑근세_1996_p110.jpeg,completed,1785444326
5a6deef9-96b9-4326-9d75-8109f46162df,갑근세 기타서류(적립금)_1994~1999_1996 갑근세_1996_p109.jpeg,completed,1785444325
0cef8f98-5b62-4e7c-a8ea-99e58d97e773,갑근세 기타서류(적립금)_1994~1999_1996 갑근세_1996_p108.jpeg,completed,1785444316
8a309ed8-ecc3-4459-9e69-8e3abf3bedb3,갑근세 기타서류(적립금)_1994~1999_1996 갑근세_1996_p107.jpeg,completed,1785444287
6186281a-45b6-410d-b48a-d8b216b0e9b3,갑근세 기타서류(적립금)_1994~1999_1996 갑근세_1996_p106.jpeg,completed,1785444272
4e7be3e9-55b4-41bf-9412-c5c12d841345,갑근세 기타서류(적립금)_1994~1999_1996 갑근세_1996_p105.jpeg,completed,1785444252
f8abe6f7-4489-4f33-a4a4-10913e5b909d,갑근세 기타서류(적립금)_1994~1999_1996 갑근세_1996_p104.jpeg,completed,1785444251
5ecb9d45-d88f-47de-a593-705d11d44492,갑근세 기타서류(적립금)_1994~1999_1996 갑근세_1996_p103.jpeg,completed,1785444250
e518d910-09f1-402a-b80e-cb96546c5830,갑근세 기타서류(적립금)_1994~1999_1996 갑근세_1996_p102.jpeg,completed,1785444249
3a3ae98f-e079-4d05-90a4-140625e3cd4c,갑근세 기타서류(적립금)_1994~1999_1996 갑근세_1996_p101.jpeg,completed,1785444212
b77215d5-891f-4165-a7f5-96f575a26012,갑근세 기타서류(적립금)_1994~1999_1996 갑근세_1996_p100.jpeg,completed,1785444210
2a567a49-1ef0-44e2-b1e3-44f517d9bdf2,갑근세 기타서류(적립금)_1994~1999_1996 갑근세_1996_p99.jpeg,completed,1785444210
62394be1-c11c-4a78-895a-2cd51eff9439,갑근세 기타서류(적립금)_1994~1999_1996 갑근세_1996_p98.jpeg,completed,1785444208
a213ce54-3495-4a2f-a95b-0132e67c982c,갑근세 기타서류(적립금)_1994~1999_1996 갑근세_1996_p97.jpeg,completed,1785444151
11da8954-3644-4883-bdda-6a96029e85f5,갑근세 기타서류(적립금)_1994~1999_1996 갑근세_1996_p96.jpeg,completed,1785444130
8260a5f1-9f44-46b3-87ad-1984edffd1b4,갑근세 기타서류(적립금)_1994~1999_1996 갑근세_1996_p95.jpeg,completed,1785444118
377c532a-4029-4780-bf03-b00994874249,갑근세 기타서류(적립금)_1994~1999_1996 갑근세_1996_p94.jpeg,completed,1785444110
99dab69c-6667-4689-84df-dd214400f1b0,갑근세 기타서류(적립금)_1994~1999_1996 갑근세_1996_p93.jpeg,completed,1785444090
4972e259-4c9c-4043-8409-02b4180d65de,갑근세 기타서류(적립금)_1994~1999_1996 갑근세_1996_p92.jpeg,completed,1785444082
b7977460-8413-4fbd-8bc6-0a0543a50fbf,갑근세 기타서류(적립금)_1994~1999_1996 갑근세_1996_p91.jpeg,completed,1785444078
18749956-cc95-41f1-9dc2-77859aeb505a,갑근세 기타서류(적립금)_1994~1999_1996 갑근세_1996_p90.jpeg,completed,1785444065
721e6dc9-8c7a-4668-abfe-6c9d0e6588fc,갑근세 기타서류(적립금)_1994~1999_1996 갑근세_1996_p89.jpeg,completed,1785444049
772ed547-4045-4ee7-87c1-fdd3af7c035f,갑근세 기타서류(적립금)_1994~1999_1996 갑근세_1996_p88.jpeg,completed,1785444040
4b3fcf48-6149-49ef-a53f-22570ba3ae4a,갑근세 기타서류(적립금)_1994~1999_1996 갑근세_1996_p87.jpeg,completed,1785444039
a4aba552-2634-4545-9ddb-8a7358468965,갑근세 기타서류(적립금)_1994~1999_1996 갑근세_1996_p86.jpeg,completed,1785444026
e2d74262-9589-49d9-bd35-2700170e3e04,갑근세 기타서류(적립금)_1994~1999_1996 갑근세_1996_p85.jpeg,completed,1785444025
066b8529-d10c-4cba-9e65-2ad3630de879,갑근세 기타서류(적립금)_1994~1999_1996 갑근세_1996_p84.jpeg,completed,1785444011
90adbf34-7607-4325-b0d4-a4cb9e9338df,갑근세 기타서류(적립금)_1994~1999_1996 갑근세_1996_p83.jpeg,completed,1785443992
250a8ee2-857a-47c6-9e0b-3a031f388a86,갑근세 기타서류(적립금)_1994~1999_1996 갑근세_1996_p82.jpeg,completed,1785443987
a92997e3-22c5-457b-b874-9f9727c90329,갑근세 기타서류(적립금)_1994~1999_1996 갑근세_1996_p81.jpeg,completed,1785443981
5dc676dd-ceae-4f42-b423-e6192c64b3dc,갑근세 기타서류(적립금)_1994~1999_1996 갑근세_1996_p80.jpeg,completed,1785443971
bb9bfdf4-28b8-4321-ba3c-0762a181361c,갑근세 기타서류(적립금)_1994~1999_1996 갑근세_1996_p79.jpeg,completed,1785443949
13e52da6-c4bc-4beb-b10e-a48645014353,갑근세 기타서류(적립금)_1994~1999_1996 갑근세_1996_p78.jpeg,completed,1785443943
eb8743c4-fca4-4976-a5ec-5c84eaade805,갑근세 기타서류(적립금)_1994~1999_1996 갑근세_1996_p77.jpeg,completed,1785443935
857a26f8-008e-409a-b8f9-fef936326fcd,갑근세 기타서류(적립금)_1994~1999_1996 갑근세_1996_p76.jpeg,completed,1785443927
74ccf7f6-3fc7-4dd5-9ea4-485bd8ee628b,갑근세 기타서류(적립금)_1994~1999_1996 갑근세_1996_p75.jpeg,completed,1785443924
c254f4e9-80f0-4215-a4a4-e61d67e4a656,갑근세 기타서류(적립금)_1994~1999_1996 갑근세_1996_p73.jpeg,completed,1785443901
82cf04a9-2013-40fe-b152-85556a61e497,갑근세 기타서류(적립금)_1994~1999_1996 갑근세_1996_p72.jpeg,completed,1785443901
70969723-258e-4035-a212-2731e3ad740e,갑근세 기타서류(적립금)_1994~1999_1996 갑근세_1996_p71.jpeg,completed,1785443887
8a9e4d83-97bc-4cab-94d2-d7c09ba955ff,갑근세 기타서류(적립금)_1994~1999_1996 갑근세_1996_p70.jpeg,completed,1785443872
775f2b29-381f-4f6d-b11a-8b256e027ddd,갑근세 기타서류(적립금)_1994~1999_1996 갑근세_1996_p69.jpeg,completed,1785443867
11115719-8510-433b-ae33-6afb456a2348,갑근세 기타서류(적립금)_1994~1999_1996 갑근세_1996_p68.jpeg,completed,1785443855
9a0f07cf-5c89-428c-b26b-5c00a2751b7b,갑근세 기타서류(적립금)_1994~1999_1996 갑근세_1996_p67.jpeg,completed,1785443844
c66f2d13-c4eb-41f4-972f-7163923034a4,갑근세 기타서류(적립금)_1994~1999_1996 갑근세_1996_p66.jpeg,completed,1785443842
01ba6848-e1df-4282-a3d7-1d06b2e7bcf7,갑근세 기타서류(적립금)_1994~1999_1996 갑근세_1996_p65.jpeg,completed,1785443823
2d2d160b-00b6-4481-aafe-6d6c1f920376,갑근세 기타서류(적립금)_1994~1999_1996 갑근세_1996_p64.jpeg,completed,1785443816
08544516-9e28-4edd-b4c4-8aa5dc082242,갑근세 기타서류(적립금)_1994~1999_1996 갑근세_1996_p63.jpeg,completed,1785443812
0bdb3b43-351e-4fb2-a68a-93e4ecad2bfc,갑근세 기타서류(적립금)_1994~1999_1996 갑근세_1996_p62.jpeg,completed,1785443801
50cf98c6-6c3c-4bba-ab88-b2f32ac05627,갑근세 기타서류(적립금)_1994~1999_1996 갑근세_1996_p61.jpeg,completed,1785443798
8e8a82bf-4418-4806-aa8f-c235995d5721,갑근세 기타서류(적립금)_1994~1999_1996 갑근세_1996_p60.jpeg,completed,1785443794
894ca60f-3b1f-459e-90dd-d7cbd6499435,갑근세 기타서류(적립금)_1994~1999_1996 갑근세_1996_p59.jpeg,completed,1785443780
dce71de3-5b84-4291-ad10-3925d7052951,갑근세 기타서류(적립금)_1994~1999_1996 갑근세_1996_p58.jpeg,completed,1785443779
74ce843a-de10-4ace-850d-879e3c82aed8,갑근세 기타서류(적립금)_1994~1999_1996 갑근세_1996_p57.jpeg,completed,1785443768
2d3e40ce-aab8-4563-a888-d686f5c1056b,갑근세 기타서류(적립금)_1994~1999_1996 갑근세_1996_p56.jpeg,completed,1785443763
e13ddba9-3207-449f-9462-6a5390fab253,갑근세 기타서류(적립금)_1994~1999_1996 갑근세_1996_p55.jpeg,completed,1785443737
363d6071-7d50-4cde-ad6b-61f9b5cc4cde,갑근세 기타서류(적립금)_1994~1999_1996 갑근세_1996_p54.jpeg,completed,1785443737
c2524269-8e16-4f3d-abca-c8cd1167ad29,갑근세 기타서류(적립금)_1994~1999_1996 갑근세_1996_p53.jpeg,completed,1785443704
fa830d2f-9cd1-43ea-bd02-10d8f06575a6,갑근세 기타서류(적립금)_1994~1999_1996 갑근세_1996_p52.jpeg,completed,1785443698
5ec479fc-bcbc-4b80-bd0c-086ca179ddec,갑근세 기타서류(적립금)_1994~1999_1996 갑근세_1996_p51.jpeg,completed,1785443697
8080014c-6649-47d3-bd7d-b0ad68c33ab0,갑근세 기타서류(적립금)_1994~1999_1996 갑근세_1996_p50.jpeg,completed,1785443685
91fa2c7e-0991-452e-9e45-d6a6555692e1,갑근세 기타서류(적립금)_1994~1999_1996 갑근세_1996_p49.jpeg,completed,1785443677
bb016b6c-8c66-4803-8ccc-158bfa6ae601,갑근세 기타서류(적립금)_1994~1999_1996 갑근세_1996_p48.jpeg,completed,1785443677
69d1935d-f132-40f5-acaa-34786bebd845,갑근세 기타서류(적립금)_1994~1999_1996 갑근세_1996_p47.jpeg,completed,1785443675
2edb1bd5-d2a2-47e2-93e0-27512e363aa6,갑근세 기타서류(적립금)_1994~1999_1996 갑근세_1996_p46.jpeg,completed,1785443657
733852a0-5120-4fcc-a6e6-c2fd53898318,갑근세 기타서류(적립금)_1994~1999_1996 갑근세_1996_p45.jpeg,completed,1785443657
b82051e6-4fb1-4513-a8b5-b1e32488497b,갑근세 기타서류(적립금)_1994~1999_1996 갑근세_1996_p44.jpeg,completed,1785443655
2d759ac9-d89e-4fe7-94d2-056a3c2b98b7,갑근세 기타서류(적립금)_1994~1999_1996 갑근세_1996_p43.jpeg,completed,1785443635
c8d8fca8-bbef-462a-b48d-370de355af96,갑근세 기타서류(적립금)_1994~1999_1996 갑근세_1996_p42.jpeg,completed,1785443630
aa370056-7a48-4ba7-8e17-bfab0e0012c4,갑근세 기타서류(적립금)_1994~1999_1996 갑근세_1996_p40.jpeg,completed,1785443615
ba245fb9-295e-4d72-9610-f77e2275595f,갑근세 기타서류(적립금)_1994~1999_1996 갑근세_1996_p41.jpeg,completed,1785443615
1ff997a5-66fa-4151-ba6b-d91879abcc3a,갑근세 기타서류(적립금)_1994~1999_1996 갑근세_1996_p39.jpeg,completed,1785443615
7fad2c06-9419-44f0-ab8f-9e31d38313d2,갑근세 기타서류(적립금)_1994~1999_1996 갑근세_1996_p38.jpeg,completed,1785443609
72acec92-00f6-4bd4-bb7c-6ca0f9e450c1,갑근세 기타서류(적립금)_1994~1999_1996 갑근세_1996_p37.jpeg,completed,1785443608
ab0231aa-6faa-4047-8348-7150e94d01e1,갑근세 기타서류(적립금)_1994~1999_1996 갑근세_1996_p36.jpeg,completed,1785443602
3d3218a5-ae53-4289-9acf-f694526b58bc,갑근세 기타서류(적립금)_1994~1999_1996 갑근세_1996_p35.jpeg,completed,1785443577
2027b91c-2f80-4c51-9df2-e270f73e1a57,갑근세 기타서류(적립금)_1994~1999_1996 갑근세_1996_p34.jpeg,completed,1785443566
4740297a-4130-4df0-a6e4-6803108fc039,갑근세 기타서류(적립금)_1994~1999_1996 갑근세_1996_p33.jpeg,completed,1785443559
87baf4fa-05f7-4874-945e-508d8339e74e,갑근세 기타서류(적립금)_1994~1999_1996 갑근세_1996_p32.jpeg,completed,1785443557
033a43ec-83d0-4f6f-9bb3-fca0b4d48da7,갑근세 기타서류(적립금)_1994~1999_1996 갑근세_1996_p31.jpeg,completed,1785443551
bb68c023-262d-462f-b371-8264de427129,갑근세 기타서류(적립금)_1994~1999_1996 갑근세_1996_p30.jpeg,completed,1785443524
7c289793-188c-44da-8beb-6a77a870c882,갑근세 기타서류(적립금)_1994~1999_1996 갑근세_1996_p29.jpeg,completed,1785443514
ecd7401d-4fe3-4b2e-9051-8453c4fce168,갑근세 기타서류(적립금)_1994~1999_1996 갑근세_1996_p28.jpeg,completed,1785443505
b6c7176d-05da-407c-8c97-2d74d0df78f3,갑근세 기타서류(적립금)_1994~1999_1996 갑근세_1996_p27.jpeg,completed,1785443503
1ee20fe6-fa4e-43a4-bbd9-09373b878a2a,갑근세 기타서류(적립금)_1994~1999_1996 갑근세_1996_p26.jpeg,completed,1785443489
d2d47c18-1f96-47d6-aa00-92cb6d44c1e0,갑근세 기타서류(적립금)_1994~1999_1996 갑근세_1996_p25.jpeg,completed,1785443480
d2472740-8fd7-4dde-bbae-2541c61c1948,갑근세 기타서류(적립금)_1994~1999_1996 갑근세_1996_p24.jpeg,completed,1785443468
e556b855-bd6a-42c1-8c4c-08b0694cc840,갑근세 기타서류(적립금)_1994~1999_1996 갑근세_1996_p23.jpeg,completed,1785443466
562898a3-5423-4d09-b15e-dda6c2319002,갑근세 기타서류(적립금)_1994~1999_1996 갑근세_1996_p22.jpeg,completed,1785443448
07bf415c-13ed-40b2-811a-6ee4f84b6872,갑근세 기타서류(적립금)_1994~1999_1996 갑근세_1996_p21.jpeg,completed,1785443435
b2f104be-5a2b-40b3-8d95-91ccf602abe4,갑근세 기타서류(적립금)_1994~1999_1996 갑근세_1996_p20.jpeg,completed,1785443428
e0df8224-9a68-401c-b897-7d60a36d9c10,갑근세 기타서류(적립금)_1994~1999_1996 갑근세_1996_p19.jpeg,completed,1785443420
8d535582-7014-4b1b-98ed-0b384cfa3d80,갑근세 기타서류(적립금)_1994~1999_1996 갑근세_1996_p18.jpeg,completed,1785443417
ea29afee-aee6-4a05-bdf6-48451fc1e7c4,갑근세 기타서류(적립금)_1994~1999_1996 갑근세_1996_p17.jpeg,completed,1785443413
8b2b87b9-9b2f-44e7-a7f8-a6360f8eae5a,갑근세 기타서류(적립금)_1994~1999_1996 갑근세_1996_p16.jpeg,completed,1785443401
8af11846-742b-4f34-a987-4b80c8ea5da4,갑근세 기타서류(적립금)_1994~1999_1996 갑근세_1996_p15.jpeg,completed,1785443389
a33a1105-02eb-4637-aea2-77d4bcd17162,갑근세 기타서류(적립금)_1994~1999_1996 갑근세_1996_p14.jpeg,completed,1785443381
4cb27a57-3dd5-4c75-95f0-a92e3204c6b3,갑근세 기타서류(적립금)_1994~1999_1996 갑근세_1996_p13.jpeg,completed,1785443361
b47cf316-b1f9-4b4a-8b14-d8eaee0c69e6,갑근세 기타서류(적립금)_1994~1999_1996 갑근세_1996_p12.jpeg,completed,1785443353
d0782a95-c7a4-4a3e-8b61-6513e2846da4,갑근세 기타서류(적립금)_1994~1999_1996 갑근세_1996_p11.jpeg,completed,1785443343
6a9d778c-85e2-4789-9f13-a362b3859591,갑근세 기타서류(적립금)_1994~1999_1996 갑근세_1996_p10.jpeg,completed,1785443338
b812c0cd-a796-42ef-93ca-da979cb7dfb5,갑근세 기타서류(적립금)_1994~1999_1996 갑근세_1996_p9.jpeg,completed,1785443322
9f460166-9cab-4459-9894-43b50b2d9596,갑근세 기타서류(적립금)_1994~1999_1996 갑근세_1996_p8.jpeg,completed,1785443319
92c4a905-f754-46fd-b218-9b8c7eab859b,갑근세 기타서류(적립금)_1994~1999_1996 갑근세_1996_p7.jpeg,completed,1785443310
0305324a-5ab6-40d7-9a48-520ca063d7f8,갑근세 기타서류(적립금)_1994~1999_1996 갑근세_1996_p6.jpeg,completed,1785443285
70f83243-3311-4044-bad2-9f19ef98ce3f,갑근세 기타서류(적립금)_1994~1999_1996 갑근세_1996_p5.jpeg,completed,1785443283
918f41cb-6239-4fde-80d3-507d1e6e79a6,갑근세 기타서류(적립금)_1994~1999_1996 갑근세_1996_p4.jpeg,completed,1785443268
f772776b-2d79-4c69-952a-7cfe3296803a,갑근세 기타서류(적립금)_1994~1999_1996 갑근세_1996_p3.jpeg,completed,1785443267
a56ed846-e90f-467e-ba82-88462fad2371,갑근세 기타서류(적립금)_1994~1999_1996 갑근세_1996_p2.jpeg,completed,1785443243
657f6cd7-e045-4de3-83ab-b12ccff86c29,갑근세 기타서류(적립금)_1994~1999_1996 갑근세_1996_p1.jpeg,completed,1785443240
746c9044-3dee-45ab-9b61-37b51510c24f,갑근세 기타서류(적립금)_1994~1999_1996 갑근세_1996_p0.jpeg,completed,1785443228
afa65b28-6995-466d-afaa-0dbe032685f4,갑근세 기타서류(적립금)_1994~1999_1995 갑근세_1995_p214.jpeg,completed,1785443206
3287633a-a1c4-4766-a515-62c3144003fd,갑근세 기타서류(적립금)_1994~1999_1995 갑근세_1995_p213.jpeg,completed,1785443204
a9b82bb3-6db2-4dc4-967d-6b66d0cb9d90,갑근세 기타서류(적립금)_1994~1999_1995 갑근세_1995_p212.jpeg,completed,1785443176
de5c7fdd-fe8f-47e7-9ec1-c64374938f1e,갑근세 기타서류(적립금)_1994~1999_1995 갑근세_1995_p211.jpeg,completed,1785443170
0189e4b4-1419-4490-af4d-6d02dcc4b266,갑근세 기타서류(적립금)_1994~1999_1995 갑근세_1995_p210.jpeg,completed,1785443167
d6f9b9ee-16a8-4497-bc58-aa1d85291fe9,갑근세 기타서류(적립금)_1994~1999_1995 갑근세_1995_p209.jpeg,completed,1785443164
4b74058c-c188-41e8-ba58-edd3e1249b8e,갑근세 기타서류(적립금)_1994~1999_1995 갑근세_1995_p207.jpeg,completed,1785443136
fd38ca4f-b1dc-495a-bab5-08046b30cb82,갑근세 기타서류(적립금)_1994~1999_1995 갑근세_1995_p208.jpeg,completed,1785443136
1852ba1c-7944-4659-8a7c-9f3acded8f38,갑근세 기타서류(적립금)_1994~1999_1995 갑근세_1995_p206.jpeg,completed,1785443106
e7575701-f1ca-4e74-8d6f-5c79148253f9,갑근세 기타서류(적립금)_1994~1999_1995 갑근세_1995_p205.jpeg,completed,1785443100
7befddec-b654-4b0d-8eae-c753a3e6f060,갑근세 기타서류(적립금)_1994~1999_1995 갑근세_1995_p204.jpeg,completed,1785443095
75fed4f8-3435-48f8-adc1-23cf237c5751,갑근세 기타서류(적립금)_1994~1999_1995 갑근세_1995_p203.jpeg,completed,1785443076
07c8874d-37ce-4633-9919-2cee59750cc1,갑근세 기타서류(적립금)_1994~1999_1995 갑근세_1995_p202.jpeg,completed,1785443070
f95a0528-41d0-40e7-a8e8-7e44cc3985a2,갑근세 기타서류(적립금)_1994~1999_1995 갑근세_1995_p201.jpeg,completed,1785443051
d4d134d6-5e04-4041-8039-dcdebf41bdff,갑근세 기타서류(적립금)_1994~1999_1995 갑근세_1995_p200.jpeg,completed,1785443045
7057b068-c21e-44a0-bf48-36f4139992bc,갑근세 기타서류(적립금)_1994~1999_1995 갑근세_1995_p199.jpeg,completed,1785443037
8de05f45-96f8-4675-98e5-2701ba4210db,갑근세 기타서류(적립금)_1994~1999_1995 갑근세_1995_p198.jpeg,completed,1785443033
a30e4c67-76e3-4f38-bc92-20c965ae420b,갑근세 기타서류(적립금)_1994~1999_1995 갑근세_1995_p197.jpeg,completed,1785443005
2cf60fc1-d0e9-4e76-91cd-9b4520593b7f,갑근세 기타서류(적립금)_1994~1999_1995 갑근세_1995_p196.jpeg,completed,1785442997
417595ae-9dd7-4d6d-9d06-6656abf25e83,갑근세 기타서류(적립금)_1994~1999_1995 갑근세_1995_p195.jpeg,completed,1785442993
f8b53b0c-e484-4f53-9386-fc630cbbf65b,갑근세 기타서류(적립금)_1994~1999_1995 갑근세_1995_p194.jpeg,completed,1785442982
95eb8468-67e0-4b91-a142-1e080514c940,갑근세 기타서류(적립금)_1994~1999_1995 갑근세_1995_p193.jpeg,completed,1785442973
2bcebca1-0680-4be5-86c3-65fb7b96a796,갑근세 기타서류(적립금)_1994~1999_1995 갑근세_1995_p192.jpeg,completed,1785442969
5e0420db-c6bc-4bbc-af6c-090c22b76273,갑근세 기타서류(적립금)_1994~1999_1995 갑근세_1995_p191.jpeg,completed,1785442957
c37007e8-e98a-48ee-afaa-0c41bff89eeb,갑근세 기타서류(적립금)_1994~1999_1995 갑근세_1995_p190.jpeg,completed,1785442948
461b9a38-0d47-4980-abed-cea026121d83,갑근세 기타서류(적립금)_1994~1999_1995 갑근세_1995_p189.jpeg,completed,1785442921
58bf731d-7cf1-4758-8a90-717bdd47ceef,갑근세 기타서류(적립금)_1994~1999_1995 갑근세_1995_p188.jpeg,completed,1785442911
0927a629-5f10-40a4-974e-0e4cfe5837c0,갑근세 기타서류(적립금)_1994~1999_1995 갑근세_1995_p187.jpeg,completed,1785442905
81eb4ca6-3dcd-4d47-af28-26882b6536fb,갑근세 기타서류(적립금)_1994~1999_1995 갑근세_1995_p186.jpeg,completed,1785442905
1d49f1d6-093b-41dc-ad87-6d9f5bfe3b31,갑근세 기타서류(적립금)_1994~1999_1995 갑근세_1995_p185.jpeg,completed,1785442878
09108f92-9e1b-4e46-bc01-0e18fbe1a443,갑근세 기타서류(적립금)_1994~1999_1995 갑근세_1995_p184.jpeg,completed,1785442872
e5f73b9e-9574-4a9d-ae97-b3bae8c696c6,갑근세 기타서류(적립금)_1994~1999_1995 갑근세_1995_p183.jpeg,completed,1785442870
9d7d94df-7058-49a5-addf-de009c48a821,갑근세 기타서류(적립금)_1994~1999_1995 갑근세_1995_p182.jpeg,completed,1785442866
33af6db7-4c40-4cfe-81aa-1e9417ca3c3f,갑근세 기타서류(적립금)_1994~1999_1995 갑근세_1995_p181.jpeg,completed,1785442854
ff6dbaa9-683f-42a6-8a76-d5c98a3b0e1a,갑근세 기타서류(적립금)_1994~1999_1995 갑근세_1995_p180.jpeg,completed,1785442839
a44e48e1-2045-4fec-9088-97f2ad23fcfb,갑근세 기타서류(적립금)_1994~1999_1995 갑근세_1995_p179.jpeg,completed,1785442826
669fc58d-d3e8-4eba-955a-826435fab5c8,갑근세 기타서류(적립금)_1994~1999_1995 갑근세_1995_p178.jpeg,completed,1785442820
f9feff45-80c6-4005-bff6-357bc2e90cf1,갑근세 기타서류(적립금)_1994~1999_1995 갑근세_1995_p177.jpeg,completed,1785442817
fc5e90e4-7ab8-40be-8db6-685eee638e71,갑근세 기타서류(적립금)_1994~1999_1995 갑근세_1995_p176.jpeg,completed,1785442814
375d9bcf-67c4-4584-a514-ebf59322d18e,갑근세 기타서류(적립금)_1994~1999_1995 갑근세_1995_p175.jpeg,completed,1785442793
38e81513-565f-4e9b-99b5-e051cf2de2eb,갑근세 기타서류(적립금)_1994~1999_1995 갑근세_1995_p174.jpeg,completed,1785442783
d40a2cb4-bcd0-4cbc-9694-4fc685b360e0,갑근세 기타서류(적립금)_1994~1999_1995 갑근세_1995_p172.jpeg,completed,1785442778
0ab836d7-29a1-4f8e-b496-3f9b989340ea,갑근세 기타서류(적립금)_1994~1999_1995 갑근세_1995_p173.jpeg,completed,1785442778
b7cc6f18-fe7a-4d3b-aa9d-879340153e2a,갑근세 기타서류(적립금)_1994~1999_1995 갑근세_1995_p171.jpeg,completed,1785442760
7355cf8b-0931-4a29-a6ff-cb759d8ae283,갑근세 기타서류(적립금)_1994~1999_1995 갑근세_1995_p170.jpeg,completed,1785442747
36be193a-6815-4aba-a2ba-606013304a25,갑근세 기타서류(적립금)_1994~1999_1995 갑근세_1995_p169.jpeg,completed,1785442741
2f0335cf-69d3-46e8-b1af-5fe4ad3fe435,갑근세 기타서류(적립금)_1994~1999_1995 갑근세_1995_p168.jpeg,completed,1785442741
0d7daa2e-a575-413b-83cb-206e774559cc,갑근세 기타서류(적립금)_1994~1999_1995 갑근세_1995_p167.jpeg,completed,1785442732
0e2919f9-d950-4e2a-b6b6-8f5e5005ff88,갑근세 기타서류(적립금)_1994~1999_1995 갑근세_1995_p166.jpeg,completed,1785442713
c81e3738-34c6-40a4-9bd1-bb9c7ca35957,갑근세 기타서류(적립금)_1994~1999_1995 갑근세_1995_p165.jpeg,completed,1785442705
ce385c46-cdab-464b-b70e-9ca3bfa4b626,갑근세 기타서류(적립금)_1994~1999_1995 갑근세_1995_p164.jpeg,completed,1785442701
3b616c09-d89a-4244-ab31-f797be2d183d,갑근세 기타서류(적립금)_1994~1999_1995 갑근세_1995_p163.jpeg,completed,1785442674
8c0d5da9-4200-4421-ba69-b28de1fc312e,갑근세 기타서류(적립금)_1994~1999_1995 갑근세_1995_p161.jpeg,completed,1785442672
fe689cd9-22d0-4b23-a2ee-1d25e38eb921,갑근세 기타서류(적립금)_1994~1999_1995 갑근세_1995_p162.jpeg,completed,1785442671
be14d2b4-e883-42a5-a132-03a88b707b65,갑근세 기타서류(적립금)_1994~1999_1995 갑근세_1995_p160.jpeg,completed,1785442656
ccc33c56-a6ad-4cca-b646-f2cc3ecfbe65,갑근세 기타서류(적립금)_1994~1999_1995 갑근세_1995_p159.jpeg,completed,1785442638
20e4b642-3d41-4083-bca0-fa7428c6bf14,갑근세 기타서류(적립금)_1994~1999_1995 갑근세_1995_p158.jpeg,completed,1785442635
07f6df0d-90b8-4c5e-9da8-c6b667fc92c0,갑근세 기타서류(적립금)_1994~1999_1995 갑근세_1995_p157.jpeg,completed,1785442613
e5a0cef6-6289-4ba5-8946-10a2fde6eb99,갑근세 기타서류(적립금)_1994~1999_1995 갑근세_1995_p156.jpeg,completed,1785442609
cbcf3402-b3e6-409d-b435-391d790b2a28,갑근세 기타서류(적립금)_1994~1999_1995 갑근세_1995_p155.jpeg,completed,1785442605
d1fb6590-81e0-457b-968a-c9e742a8aef6,갑근세 기타서류(적립금)_1994~1999_1995 갑근세_1995_p154.jpeg,completed,1785442605
d5d9312b-320b-41e7-a8b3-8a9cd65a5ed2,갑근세 기타서류(적립금)_1994~1999_1995 갑근세_1995_p153.jpeg,completed,1785442601
8a4886c4-59b8-4b6a-b221-90f594c6b206,갑근세 기타서류(적립금)_1994~1999_1995 갑근세_1995_p152.jpeg,completed,1785442595
298ea30f-f625-47f6-821a-a79d0858b283,갑근세 기타서류(적립금)_1994~1999_1995 갑근세_1995_p151.jpeg,completed,1785442588
6d52db6a-ce75-4d2b-baa3-04502f4b287e,갑근세 기타서류(적립금)_1994~1999_1995 갑근세_1995_p150.jpeg,completed,1785442580
d29eb4a4-b0aa-4203-b9ac-2006889a4ec2,갑근세 기타서류(적립금)_1994~1999_1995 갑근세_1995_p148.jpeg,completed,1785442574
82bb2252-b00c-4f69-bf67-3ec92fff79bb,갑근세 기타서류(적립금)_1994~1999_1995 갑근세_1995_p147.jpeg,completed,1785442574
037c679d-67d3-4c7d-a29f-6896fffb8683,갑근세 기타서류(적립금)_1994~1999_1995 갑근세_1995_p146.jpeg,completed,1785442570
5fb61ea9-cd38-4520-853b-b58f5c020517,갑근세 기타서류(적립금)_1994~1999_1995 갑근세_1995_p145.jpeg,completed,1785442545
ddd30188-73c1-4507-a86a-430c7cf952a4,갑근세 기타서류(적립금)_1994~1999_1995 갑근세_1995_p144.jpeg,completed,1785442540
d46790d9-9058-42a3-a570-6407e7861de8,갑근세 기타서류(적립금)_1994~1999_1995 갑근세_1995_p143.jpeg,completed,1785442528
7301b788-23b8-42df-b8a8-b394ba69111c,갑근세 기타서류(적립금)_1994~1999_1995 갑근세_1995_p142.jpeg,completed,1785442495
d1d9bdf4-7b15-450f-8ca5-e514bf8532d5,갑근세 기타서류(적립금)_1994~1999_1995 갑근세_1995_p141.jpeg,completed,1785442483
c5b1109d-e1ed-451c-a132-1c9145766d2f,갑근세 기타서류(적립금)_1994~1999_1995 갑근세_1995_p140.jpeg,completed,1785442481
0bd5ae28-0926-468f-bc3b-9bcc587dc360,갑근세 기타서류(적립금)_1994~1999_1995 갑근세_1995_p139.jpeg,completed,1785442453
972e6c7d-6edd-4430-99ca-0fa6a6ac98a3,갑근세 기타서류(적립금)_1994~1999_1995 갑근세_1995_p138.jpeg,completed,1785442437
4c5c6518-6cef-4a81-8fb7-91bcad88529d,갑근세 기타서류(적립금)_1994~1999_1995 갑근세_1995_p137.jpeg,completed,1785442432
036bece3-713b-45d8-ab51-bf9817b3c7ff,갑근세 기타서류(적립금)_1994~1999_1995 갑근세_1995_p136.jpeg,completed,1785442390
df7bdadd-8ffc-46a5-8062-3a7a7fbf10d5,갑근세 기타서류(적립금)_1994~1999_1995 갑근세_1995_p135.jpeg,completed,1785442384
55d61b85-5f5a-4b03-8d73-8f7d4968e834,갑근세 기타서류(적립금)_1994~1999_1995 갑근세_1995_p134.jpeg,completed,1785442351
2ec66972-0c16-4798-8f6e-49bfeb3b24fc,갑근세 기타서류(적립금)_1994~1999_1995 갑근세_1995_p133.jpeg,completed,1785442348
c9eeb3e0-1565-4344-9cf7-2fd9c62f3547,갑근세 기타서류(적립금)_1994~1999_1995 갑근세_1995_p132.jpeg,completed,1785442347
3154c2f9-8712-453e-91d5-e3956eb52d30,갑근세 기타서류(적립금)_1994~1999_1995 갑근세_1995_p131.jpeg,completed,1785442313
0aec155f-c73f-4984-9627-cc1298f84b55,갑근세 기타서류(적립금)_1994~1999_1995 갑근세_1995_p130.jpeg,completed,1785442313
1b372e51-7ad6-4b1a-9ed3-8c20ab55f379,갑근세 기타서류(적립금)_1994~1999_1995 갑근세_1995_p129.jpeg,completed,1785442306
b180c929-22d7-4a13-b2d7-87f90954873c,갑근세 기타서류(적립금)_1994~1999_1995 갑근세_1995_p128.jpeg,completed,1785442287
5529b6ab-2f04-44a3-adc1-83d8d1603392,갑근세 기타서류(적립금)_1994~1999_1995 갑근세_1995_p125.jpeg,completed,1785442239
48b080dd-9ca9-4b16-8113-98adffbea7fe,갑근세 기타서류(적립금)_1994~1999_1995 갑근세_1995_p124.jpeg,completed,1785442239
b2e7b4e6-04c9-4aa3-9675-31c9d7c6d710,갑근세 기타서류(적립금)_1994~1999_1995 갑근세_1995_p123.jpeg,completed,1785442229
636148ca-494a-4d7e-9a24-2388458eeba5,갑근세 기타서류(적립금)_1994~1999_1995 갑근세_1995_p122.jpeg,completed,1785442211
a26ea573-30f2-4833-a657-7f461b4114ed,갑근세 기타서류(적립금)_1994~1999_1995 갑근세_1995_p121.jpeg,completed,1785442194
af750759-300a-4c02-80a0-a25e678d4323,갑근세 기타서류(적립금)_1994~1999_1995 갑근세_1995_p120.jpeg,completed,1785442161
2bc42059-285f-4775-b8d7-f91b2f6e826e,갑근세 기타서류(적립금)_1994~1999_1995 갑근세_1995_p119.jpeg,completed,1785442152
73ad31bd-1f74-4f79-a31c-621077a13c73,갑근세 기타서류(적립금)_1994~1999_1995 갑근세_1995_p118.jpeg,completed,1785442137
71023931-4a29-477d-8eb8-ffa7de01529d,갑근세 기타서류(적립금)_1994~1999_1995 갑근세_1995_p117.jpeg,completed,1785442129
03d37d65-4193-44ad-8139-1fbc6db05476,갑근세 기타서류(적립금)_1994~1999_1995 갑근세_1995_p116.jpeg,completed,1785442111
b399ffa0-e17e-40f9-9397-e8357a475423,갑근세 기타서류(적립금)_1994~1999_1995 갑근세_1995_p115.jpeg,completed,1785442074
b62f3bc3-255a-4b93-8e47-bc958147bd1f,갑근세 기타서류(적립금)_1994~1999_1995 갑근세_1995_p114.jpeg,completed,1785442062
0e6bfe0a-775a-4bda-9a51-4e10a6640629,갑근세 기타서류(적립금)_1994~1999_1995 갑근세_1995_p113.jpeg,completed,1785442051
6fb705ff-f43e-43f9-be79-05a155db4563,갑근세 기타서류(적립금)_1994~1999_1995 갑근세_1995_p112.jpeg,completed,1785442034
b81752b5-2ef8-4587-81a1-edf4bc3dbdd7,갑근세 기타서류(적립금)_1994~1999_1995 갑근세_1995_p111.jpeg,completed,1785442001
f52015f8-ac60-4638-89ab-adec8d8a1625,갑근세 기타서류(적립금)_1994~1999_1995 갑근세_1995_p110.jpeg,completed,1785442001
d0e3e061-7b23-449a-a98b-b54e7f866e9e,갑근세 기타서류(적립금)_1994~1999_1995 갑근세_1995_p109.jpeg,completed,1785442000
ae4cd1e4-38ae-459f-9093-f2b8d316ccb3,갑근세 기타서류(적립금)_1994~1999_1995 갑근세_1995_p108.jpeg,completed,1785441994
838f3497-35be-49ad-bca0-a6a95f204168,갑근세 기타서류(적립금)_1994~1999_1995 갑근세_1995_p107.jpeg,completed,1785441978
4a219945-ea80-46a1-9545-2b635dce77d8,갑근세 기타서류(적립금)_1994~1999_1995 갑근세_1995_p106.jpeg,completed,1785441971
24c27b01-919c-4bfc-8010-7c62eafd398f,갑근세 기타서류(적립금)_1994~1999_1995 갑근세_1995_p105.jpeg,completed,1785441959
e8c9dbb0-3ddb-4d51-b625-ac394ecbe942,갑근세 기타서류(적립금)_1994~1999_1995 갑근세_1995_p104.jpeg,completed,1785441949
7d84e293-91f9-4447-811c-e612d57d13c9,갑근세 기타서류(적립금)_1994~1999_1995 갑근세_1995_p103.jpeg,completed,1785441934
d9be6721-74a5-40ae-a75e-1da26f6a44ce,갑근세 기타서류(적립금)_1994~1999_1995 갑근세_1995_p102.jpeg,completed,1785441927
bfe64530-2616-43b4-b799-db4a69ba75b8,갑근세 기타서류(적립금)_1994~1999_1995 갑근세_1995_p101.jpeg,completed,1785441916
6d07d498-f3b4-4ab0-aad6-080f47ead087,갑근세 기타서류(적립금)_1994~1999_1995 갑근세_1995_p100.jpeg,completed,1785441908
040882f5-096d-475f-a85f-5d5dcec3006b,갑근세 기타서류(적립금)_1994~1999_1995 갑근세_1995_p99.jpeg,completed,1785441906
aacebaac-df19-4e71-afa5-df5b2826eedd,갑근세 기타서류(적립금)_1994~1999_1995 갑근세_1995_p98.jpeg,completed,1785441891
1b6dc29a-ed37-4ccd-80bc-7105d8d5d3c3,갑근세 기타서류(적립금)_1994~1999_1995 갑근세_1995_p97.jpeg,completed,1785441890
ef73a309-00db-4ec6-8f7a-ba470bc84536,갑근세 기타서류(적립금)_1994~1999_1995 갑근세_1995_p96.jpeg,completed,1785441882
c2004fcb-0aa9-41bd-bf3a-aa4c3cd1e558,갑근세 기타서류(적립금)_1994~1999_1995 갑근세_1995_p95.jpeg,completed,1785441870
537e361e-3381-4ce4-b3a3-2a835e62a060,갑근세 기타서류(적립금)_1994~1999_1995 갑근세_1995_p94.jpeg,completed,1785441867
a358bae2-b235-4f8f-a4c4-2185d88dad92,갑근세 기타서류(적립금)_1994~1999_1995 갑근세_1995_p93.jpeg,completed,1785441863
077f0de8-b3d5-4df3-ae5e-9a5597698635,갑근세 기타서류(적립금)_1994~1999_1995 갑근세_1995_p91.jpeg,completed,1785441850
8aa8bf84-6dbd-4d7c-a52f-e8107e694167,갑근세 기타서류(적립금)_1994~1999_1995 갑근세_1995_p90.jpeg,completed,1785441839
8709d33c-5551-4618-b5a5-c2fef60d6f4d,갑근세 기타서류(적립금)_1994~1999_1995 갑근세_1995_p89.jpeg,completed,1785441830
f39d87e3-cfb9-42d6-8638-5df1fee835d0,갑근세 기타서류(적립금)_1994~1999_1995 갑근세_1995_p88.jpeg,completed,1785441809
e6981c3c-2f8a-44e0-8910-93d4cd23493f,갑근세 기타서류(적립금)_1994~1999_1995 갑근세_1995_p87.jpeg,completed,1785441797
3ea8f687-c83a-49d5-9326-753412a87cb9,갑근세 기타서류(적립금)_1994~1999_1995 갑근세_1995_p85.jpeg,completed,1785441781
a5d44c60-44d0-4cf8-8b68-35fb892a06d6,갑근세 기타서류(적립금)_1994~1999_1995 갑근세_1995_p83.jpeg,completed,1785441757
b39e8728-a1e2-4213-8a56-00ccf05e7680,갑근세 기타서류(적립금)_1994~1999_1995 갑근세_1995_p81.jpeg,completed,1785441754
dac015b3-257d-447f-9d78-68c4af720687,갑근세 기타서류(적립금)_1994~1999_1995 갑근세_1995_p80.jpeg,completed,1785441745
af609c0c-02c5-480c-9032-ac4a7ab1393e,갑근세 기타서류(적립금)_1994~1999_1995 갑근세_1995_p79.jpeg,completed,1785441736
9845c222-6a0f-4ea1-ab10-9b05fa9444a5,갑근세 기타서류(적립금)_1994~1999_1995 갑근세_1995_p78.jpeg,completed,1785441705
23b3bd05-5637-40ff-86ee-ff2b7ad493ba,갑근세 기타서류(적립금)_1994~1999_1995 갑근세_1995_p77.jpeg,completed,1785441691
be4bc0b6-0e1c-42c4-8b24-26978ea6c129,갑근세 기타서류(적립금)_1994~1999_1995 갑근세_1995_p76.jpeg,completed,1785441677
18d78382-c4cc-4ddc-8529-097c0b553e32,갑근세 기타서류(적립금)_1994~1999_1995 갑근세_1995_p75.jpeg,completed,1785441675
4ff9e7b5-51e7-4ea8-ad22-83581017c9aa,갑근세 기타서류(적립금)_1994~1999_1995 갑근세_1995_p74.jpeg,completed,1785441650
744766c4-8719-4b94-b0fd-6c70e2359019,갑근세 기타서류(적립금)_1994~1999_1995 갑근세_1995_p73.jpeg,completed,1785441642
316805f8-1cb7-4421-ad2c-f711668a17f4,갑근세 기타서류(적립금)_1994~1999_1995 갑근세_1995_p72.jpeg,completed,1785441641
1b2051de-6838-4752-8fef-75294c81aa66,갑근세 기타서류(적립금)_1994~1999_1995 갑근세_1995_p71.jpeg,completed,1785441636
f99e3913-a4d9-4ace-b475-0a3932948b5d,갑근세 기타서류(적립금)_1994~1999_1995 갑근세_1995_p70.jpeg,completed,1785441614
9296d776-7b2b-475e-b2af-937e224595da,갑근세 기타서류(적립금)_1994~1999_1995 갑근세_1995_p69.jpeg,completed,1785441593
0c46c6eb-1a15-4b4d-820e-42d1d5d36b33,갑근세 기타서류(적립금)_1994~1999_1995 갑근세_1995_p68.jpeg,completed,1785441583
f58f3335-baf9-4eeb-9967-087f045752f6,갑근세 기타서류(적립금)_1994~1999_1995 갑근세_1995_p67.jpeg,completed,1785441575
d16eaaea-be96-401d-8aba-c25e60f36d2b,갑근세 기타서류(적립금)_1994~1999_1995 갑근세_1995_p66.jpeg,completed,1785441565
4cb7839d-f267-4bba-835d-08299843ca25,갑근세 기타서류(적립금)_1994~1999_1995 갑근세_1995_p65.jpeg,completed,1785441528
d52d36cb-403e-4361-b48c-4bc158154c15,갑근세 기타서류(적립금)_1994~1999_1995 갑근세_1995_p64.jpeg,completed,1785441522
cb0ed207-4f1f-4a44-847e-93169a38c237,갑근세 기타서류(적립금)_1994~1999_1995 갑근세_1995_p63.jpeg,completed,1785441508
08ed466f-cefe-4390-af07-b7b312067708,갑근세 기타서류(적립금)_1994~1999_1995 갑근세_1995_p62.jpeg,completed,1785441489
fd2ee279-d57c-4e27-b11f-57e3de7a9f21,갑근세 기타서류(적립금)_1994~1999_1995 갑근세_1995_p61.jpeg,completed,1785441459
e51d20d2-588f-4681-9eed-d8226c274e45,갑근세 기타서류(적립금)_1994~1999_1995 갑근세_1995_p60.jpeg,completed,1785441453
6482e350-83fc-4b57-8945-5d6a57f754e8,갑근세 기타서류(적립금)_1994~1999_1995 갑근세_1995_p59.jpeg,completed,1785441441
c2fe92cb-8a2a-4fb4-9c4a-4c1328f6524e,갑근세 기타서류(적립금)_1994~1999_1995 갑근세_1995_p58.jpeg,completed,1785441437
3feb036a-fde5-4562-974a-e365d803622b,갑근세 기타서류(적립금)_1994~1999_1995 갑근세_1995_p57.jpeg,completed,1785441422
2b1ce753-6556-4ded-9d84-3660fea5b666,갑근세 기타서류(적립금)_1994~1999_1995 갑근세_1995_p56.jpeg,completed,1785441418
61e464bb-0e9e-4a08-b86a-b6a9688de1c4,갑근세 기타서류(적립금)_1994~1999_1995 갑근세_1995_p55.jpeg,completed,1785441413
3ecee70e-a2a7-4f51-8c39-4c0f7e712910,갑근세 기타서류(적립금)_1994~1999_1995 갑근세_1995_p54.jpeg,completed,1785441395
a35903ef-3e3f-41fc-884d-2d2ee0ba5f72,갑근세 기타서류(적립금)_1994~1999_1995 갑근세_1995_p53.jpeg,completed,1785441386
ca40fed3-5f87-47ab-816a-8b7466d0412b,갑근세 기타서류(적립금)_1994~1999_1995 갑근세_1995_p52.jpeg,completed,1785441383
52de6b1f-132f-4a73-8e7d-ec98c8106494,갑근세 기타서류(적립금)_1994~1999_1995 갑근세_1995_p51.jpeg,completed,1785441374
aa0d0c4d-3035-42ce-85e1-7040b26c05d1,갑근세 기타서류(적립금)_1994~1999_1995 갑근세_1995_p50.jpeg,completed,1785441374
8d058095-6d76-4ff9-97e7-41dc7b17ed25,갑근세 기타서류(적립금)_1994~1999_1995 갑근세_1995_p49.jpeg,completed,1785441365
1bc170ba-afa5-459e-b136-f83b7c469da0,갑근세 기타서류(적립금)_1994~1999_1995 갑근세_1995_p48.jpeg,completed,1785441361
338d0ece-aa87-4980-8ecd-72dfd850982a,갑근세 기타서류(적립금)_1994~1999_1995 갑근세_1995_p47.jpeg,completed,1785441355
0a412a0b-cfee-4788-8c7a-b40b25f092cb,갑근세 기타서류(적립금)_1994~1999_1995 갑근세_1995_p46.jpeg,completed,1785441340
7c8eab5d-b133-4c5a-8d58-9dfa229a78a4,갑근세 기타서류(적립금)_1994~1999_1995 갑근세_1995_p45.jpeg,completed,1785441327
2636f84e-2e35-4bf3-b7ef-53519e64774d,갑근세 기타서류(적립금)_1994~1999_1995 갑근세_1995_p44.jpeg,completed,1785441324
477b401e-2762-4a51-91cf-cfe51b608b1c,갑근세 기타서류(적립금)_1994~1999_1995 갑근세_1995_p43.jpeg,completed,1785441309
6bd2cdc2-9604-4fd1-888d-8b3bfa93790a,갑근세 기타서류(적립금)_1994~1999_1995 갑근세_1995_p42.jpeg,completed,1785441304
16a5ba94-b074-4858-9ddc-433330a27b45,갑근세 기타서류(적립금)_1994~1999_1995 갑근세_1995_p41.jpeg,completed,1785441303
a42c88ae-1e14-4b8d-9c5c-4ed1a5de8537,갑근세 기타서류(적립금)_1994~1999_1995 갑근세_1995_p40.jpeg,completed,1785441282
f4418f00-470f-49f5-9a03-87969aa25857,갑근세 기타서류(적립금)_1994~1999_1995 갑근세_1995_p39.jpeg,completed,1785441281
cf514229-aaf0-4d70-9c24-92d43bdae4e8,갑근세 기타서류(적립금)_1994~1999_1995 갑근세_1995_p38.jpeg,completed,1785441270
e1819b36-b7e4-48c4-a6f1-6e0616010e73,갑근세 기타서류(적립금)_1994~1999_1995 갑근세_1995_p37.jpeg,completed,1785441266
f438515d-2be0-4266-8a42-b15fa42b48f5,갑근세 기타서류(적립금)_1994~1999_1995 갑근세_1995_p36.jpeg,completed,1785441263
4a531843-dc55-4a3f-8aa5-dc11fffc389f,갑근세 기타서류(적립금)_1994~1999_1995 갑근세_1995_p35.jpeg,completed,1785441249
767da361-cd62-49f7-8ab4-4a0c8bd54d0e,갑근세 기타서류(적립금)_1994~1999_1995 갑근세_1995_p34.jpeg,completed,1785441248
3fb66f3a-c436-44c7-b836-21c887fe53b1,갑근세 기타서류(적립금)_1994~1999_1995 갑근세_1995_p33.jpeg,completed,1785441233
8dda1e97-74d5-41e9-a544-725232403542,갑근세 기타서류(적립금)_1994~1999_1995 갑근세_1995_p32.jpeg,completed,1785441227
8aa884e1-af6f-43d0-afba-d57e3ece6a95,갑근세 기타서류(적립금)_1994~1999_1995 갑근세_1995_p31.jpeg,completed,1785441210
a0ccd032-f01e-48af-ba08-1aca9def42c8,갑근세 기타서류(적립금)_1994~1999_1995 갑근세_1995_p30.jpeg,completed,1785441200
7c1eb08b-5d9c-41a5-8a59-e47576260173,갑근세 기타서류(적립금)_1994~1999_1995 갑근세_1995_p29.jpeg,completed,1785441200
5af1da6e-3993-4593-9559-91082326dbdf,갑근세 기타서류(적립금)_1994~1999_1995 갑근세_1995_p28.jpeg,completed,1785441184
a6302174-31a0-46eb-b910-60103c28f922,갑근세 기타서류(적립금)_1994~1999_1995 갑근세_1995_p27.jpeg,completed,1785441172
45cd06ae-d59a-4f83-b9a0-4c0013dcb399,갑근세 기타서류(적립금)_1994~1999_1995 갑근세_1995_p26.jpeg,completed,1785441170
d51e4141-35e6-40d2-9eb5-6a937f694182,갑근세 기타서류(적립금)_1994~1999_1995 갑근세_1995_p25.jpeg,completed,1785441165
bfd2f43e-d459-49f7-ac84-99ed1bd84d12,갑근세 기타서류(적립금)_1994~1999_1995 갑근세_1995_p24.jpeg,completed,1785441154
a5786abd-7883-4503-8d6c-dbc9532fca52,갑근세 기타서류(적립금)_1994~1999_1995 갑근세_1995_p23.jpeg,completed,1785441152
1ef86e5a-6363-498a-8857-c8808c16fbfd,갑근세 기타서류(적립금)_1994~1999_1995 갑근세_1995_p22.jpeg,completed,1785441145
e2f4c92b-c2d5-4e48-9143-4dc937da4efc,갑근세 기타서류(적립금)_1994~1999_1995 갑근세_1995_p21.jpeg,completed,1785441121
faa565d9-4ee7-4178-acc7-bc4cc99a8548,갑근세 기타서류(적립금)_1994~1999_1995 갑근세_1995_p20.jpeg,completed,1785441114
6f540d93-86ea-497c-85da-1d73b9916946,갑근세 기타서류(적립금)_1994~1999_1995 갑근세_1995_p19.jpeg,completed,1785441102
58d1a64f-453e-4120-9ee1-4685c1bd00d0,갑근세 기타서류(적립금)_1994~1999_1995 갑근세_1995_p18.jpeg,completed,1785441087
ed090b81-b0cd-4cbe-8fe4-9f50d626f9c4,갑근세 기타서류(적립금)_1994~1999_1995 갑근세_1995_p17.jpeg,completed,1785441083
2d9aeb94-614c-415f-a80a-6aa297e9f622,갑근세 기타서류(적립금)_1994~1999_1995 갑근세_1995_p16.jpeg,completed,1785441081
119d029d-ec6d-4a76-b3d3-a98bc6a04334,갑근세 기타서류(적립금)_1994~1999_1995 갑근세_1995_p15.jpeg,completed,1785441065
9a77eb57-e71d-4d44-a6c4-0d13ea933d36,갑근세 기타서류(적립금)_1994~1999_1995 갑근세_1995_p14.jpeg,completed,1785441064
646e1b0f-ad30-4c1c-84e5-f239aa5a301b,갑근세 기타서류(적립금)_1994~1999_1995 갑근세_1995_p13.jpeg,completed,1785441036
a6a6dafe-3ffe-4497-82f7-3bc086c02e71,갑근세 기타서류(적립금)_1994~1999_1995 갑근세_1995_p12.jpeg,completed,1785441035
8f9e9236-8ba4-4a32-bb23-f0b2612afe0f,갑근세 기타서류(적립금)_1994~1999_1995 갑근세_1995_p11.jpeg,completed,1785441026
bec18ea3-0fef-4897-84e4-264f0d6f1b49,갑근세 기타서류(적립금)_1994~1999_1995 갑근세_1995_p10.jpeg,completed,1785441023
32316315-fce8-4b85-ac35-604fd189bffa,갑근세 기타서류(적립금)_1994~1999_1995 갑근세_1995_p8.jpeg,completed,1785440987
ed80d71d-083f-4d45-acf9-96376b80fad2,갑근세 기타서류(적립금)_1994~1999_1995 갑근세_1995_p7.jpeg,completed,1785440975
b9c7c07c-8bcf-4f00-9851-e7614a4d9361,갑근세 기타서류(적립금)_1994~1999_1995 갑근세_1995_p6.jpeg,completed,1785440958
cc2e85c0-35cd-471e-aa0e-a7da8d41c77e,갑근세 기타서류(적립금)_1994~1999_1995 갑근세_1995_p4.jpeg,completed,1785440933
9e93f8a1-74aa-43bc-9af9-6dac934ed890,갑근세 기타서류(적립금)_1994~1999_1995 갑근세_1995_p3.jpeg,completed,1785440927
e2ddb98b-783f-4816-8247-c7fa8114d5cb,갑근세 기타서류(적립금)_1994~1999_1995 갑근세_1995_p2.jpeg,completed,1785440920
eda75682-6e6c-40d4-8271-e84009913776,갑근세 기타서류(적립금)_1994~1999_1995 갑근세_1995_p0.jpeg,completed,1785440877
f339ea10-dc4a-4879-a277-a24b6e6554e7,갑근세 기타서류(적립금)_1994~1999_1994 원천징수 영수철_1994_전국재해대책협의회_p66.jpeg,completed,1785440877
7f1abe51-ec24-4bed-ad91-38c6ab5691ca,갑근세 기타서류(적립금)_1994~1999_1994 원천징수 영수철_1994_전국재해대책협의회_p65.jpeg,completed,1785440862
0f3c37c6-ee3e-43fc-a477-3460458b8ad8,갑근세 기타서류(적립금)_1994~1999_1994 원천징수 영수철_1994_전국재해대책협의회_p64.jpeg,completed,1785440859
a3cd66e9-71b7-49ce-8021-22a1e945071f,갑근세 기타서류(적립금)_1994~1999_1994 원천징수 영수철_1994_전국재해대책협의회_p63.jpeg,completed,1785440834
e7ae19e3-55d6-4e60-b499-f5d2c5fba67f,갑근세 기타서류(적립금)_1994~1999_1994 원천징수 영수철_1994_전국재해대책협의회_p62.jpeg,completed,1785440807
75dbd842-56e7-4272-8077-291e8c01291c,갑근세 기타서류(적립금)_1994~1999_1994 원천징수 영수철_1994_전국재해대책협의회_p61.jpeg,completed,1785440805
5d0ed02d-a026-420f-ac1e-1745c7137464,갑근세 기타서류(적립금)_1994~1999_1994 원천징수 영수철_1994_전국재해대책협의회_p60.jpeg,completed,1785440805
b7d61049-83bd-4309-b0d3-2cabab9afcdc,갑근세 기타서류(적립금)_1994~1999_1994 원천징수 영수철_1994_전국재해대책협의회_p59.jpeg,completed,1785440795
6b65241c-ebde-47f1-a2d1-fd135ec4e995,갑근세 기타서류(적립금)_1994~1999_1994 원천징수 영수철_1994_전국재해대책협의회_p58.jpeg,completed,1785440783
0f8aebf6-81cf-46c1-8ade-ff02b0a86eb6,갑근세 기타서류(적립금)_1994~1999_1994 원천징수 영수철_1994_전국재해대책협의회_p56.jpeg,completed,1785440759
223583fb-47da-44d8-82e3-67c366a073b6,갑근세 기타서류(적립금)_1994~1999_1994 원천징수 영수철_1994_전국재해대책협의회_p57.jpeg,completed,1785440759
ab5deb67-ccc6-41d8-a8ad-f183ff0f0617,갑근세 기타서류(적립금)_1994~1999_1994 원천징수 영수철_1994_전국재해대책협의회_p55.jpeg,completed,1785440740
22fabffd-6baf-4bc5-8b0c-b49872461eb2,갑근세 기타서류(적립금)_1994~1999_1994 원천징수 영수철_1994_전국재해대책협의회_p54.jpeg,completed,1785440722
b5f15de6-c408-4c22-b548-d66cdc85ca46,갑근세 기타서류(적립금)_1994~1999_1994 원천징수 영수철_1994_전국재해대책협의회_p53.jpeg,completed,1785440721
41ab3215-5022-4f38-bf10-98cecc691cf5,갑근세 기타서류(적립금)_1994~1999_1994 원천징수 영수철_1994_전국재해대책협의회_p52.jpeg,completed,1785440703
c529933e-c3b5-4eb7-85f5-4cafceefeb83,갑근세 기타서류(적립금)_1994~1999_1994 원천징수 영수철_1994_전국재해대책협의회_p51.jpeg,completed,1785440691
2c3c19a4-2493-44dc-b699-85dc0224bb5d,갑근세 기타서류(적립금)_1994~1999_1994 원천징수 영수철_1994_전국재해대책협의회_p50.jpeg,completed,1785440679
395472b5-b5b7-4189-86b1-e05cbcb8f64f,갑근세 기타서류(적립금)_1994~1999_1994 원천징수 영수철_1994_전국재해대책협의회_p49.jpeg,completed,1785440679
d28c8da8-903c-4adb-9116-a7c5bae8ee40,갑근세 기타서류(적립금)_1994~1999_1994 원천징수 영수철_1994_전국재해대책협의회_p48.jpeg,completed,1785440672
37100c58-a254-4c0b-bf43-9478b257826b,갑근세 기타서류(적립금)_1994~1999_1994 원천징수 영수철_1994_전국재해대책협의회_p47.jpeg,completed,1785440658
3122a6d5-c4ce-494b-b0e7-23446a66b889,갑근세 기타서류(적립금)_1994~1999_1994 원천징수 영수철_1994_전국재해대책협의회_p46.jpeg,completed,1785440630
27fc8934-0e35-47eb-b651-8a226b50f529,갑근세 기타서류(적립금)_1994~1999_1994 원천징수 영수철_1994_전국재해대책협의회_p45.jpeg,completed,1785440608
41f6a53c-d17c-4ecc-b18b-86f52a5a2238,갑근세 기타서류(적립금)_1994~1999_1994 원천징수 영수철_1994_전국재해대책협의회_p44.jpeg,completed,1785440605
5a904848-5ee0-4b98-8aff-541ac5fb5465,갑근세 기타서류(적립금)_1994~1999_1994 원천징수 영수철_1994_전국재해대책협의회_p43.jpeg,completed,1785440603
48361220-9f59-41e0-9731-302dd1de9518,갑근세 기타서류(적립금)_1994~1999_1994 원천징수 영수철_1994_전국재해대책협의회_p42.jpeg,completed,1785440593
e4b0e7f3-ee5b-44a5-a1a2-a82eca622cfd,갑근세 기타서류(적립금)_1994~1999_1994 원천징수 영수철_1994_전국재해대책협의회_p41.jpeg,completed,1785440581
2f609ad8-c83e-43db-a4b6-4d6aba343eed,갑근세 기타서류(적립금)_1994~1999_1994 원천징수 영수철_1994_전국재해대책협의회_p40.jpeg,completed,1785440561
1cf5273f-e7c5-4080-a305-88f126736e6d,갑근세 기타서류(적립금)_1994~1999_1994 원천징수 영수철_1994_전국재해대책협의회_p39.jpeg,completed,1785440558
c7e786ea-ae67-435e-bce5-e912a77814a1,갑근세 기타서류(적립금)_1994~1999_1994 원천징수 영수철_1994_전국재해대책협의회_p38.jpeg,completed,1785440548
07bb90a2-e784-4a9e-8e6c-8f0548c9b63d,갑근세 기타서류(적립금)_1994~1999_1994 원천징수 영수철_1994_전국재해대책협의회_p37.jpeg,completed,1785440548
9fb39ed6-25e2-4b16-820d-9d5be873da8d,갑근세 기타서류(적립금)_1994~1999_1994 원천징수 영수철_1994_전국재해대책협의회_p36.jpeg,completed,1785440527
43c1112f-d43c-4908-9b20-3725fd2c80f2,갑근세 기타서류(적립금)_1994~1999_1994 원천징수 영수철_1994_전국재해대책협의회_p35.jpeg,completed,1785440517
150d74cc-34b5-4be6-821b-4bc6f5c4f047,갑근세 기타서류(적립금)_1994~1999_1994 원천징수 영수철_1994_전국재해대책협의회_p34.jpeg,completed,1785440505
4c5b3426-bdad-4798-bf08-afbe2d8ba598,갑근세 기타서류(적립금)_1994~1999_1994 원천징수 영수철_1994_전국재해대책협의회_p33.jpeg,completed,1785440495
25fefc9e-3bf3-44c8-923d-1632b27d0dfb,갑근세 기타서류(적립금)_1994~1999_1994 원천징수 영수철_1994_전국재해대책협의회_p32.jpeg,completed,1785440485
e69e972f-5e12-445e-be89-967524690124,갑근세 기타서류(적립금)_1994~1999_1994 원천징수 영수철_1994_전국재해대책협의회_p31.jpeg,completed,1785440484
667c804a-941f-4273-8016-b6a35c89c42f,갑근세 기타서류(적립금)_1994~1999_1994 원천징수 영수철_1994_전국재해대책협의회_p30.jpeg,completed,1785440481
891028ff-a281-4e47-8c20-0bb21f93a90c,갑근세 기타서류(적립금)_1994~1999_1994 원천징수 영수철_1994_전국재해대책협의회_p29.jpeg,completed,1785440477
339e093a-84d5-467e-af69-c9a7e2be3be5,갑근세 기타서류(적립금)_1994~1999_1994 원천징수 영수철_1994_전국재해대책협의회_p25.jpeg,completed,1785440447
5f8f8983-842f-4062-b4ed-85af0a727180,갑근세 기타서류(적립금)_1994~1999_1994 원천징수 영수철_1994_전국재해대책협의회_p22.jpeg,completed,1785440432
9fa41e80-1eb7-498c-8709-41c3782fe032,갑근세 기타서류(적립금)_1994~1999_1994 원천징수 영수철_1994_전국재해대책협의회_p21.jpeg,completed,1785440418
a1306289-a366-478f-a891-f6df096098d5,갑근세 기타서류(적립금)_1994~1999_1994 원천징수 영수철_1994_전국재해대책협의회_p20.jpeg,completed,1785440401
e4766f85-666a-49b1-a5de-0f531347e14c,갑근세 기타서류(적립금)_1994~1999_1994 원천징수 영수철_1994_전국재해대책협의회_p19.jpeg,completed,1785440392
0f873ceb-213d-4fc8-bf2f-99b20c72ee7f,갑근세 기타서류(적립금)_1994~1999_1994 원천징수 영수철_1994_전국재해대책협의회_p18.jpeg,completed,1785440390
698fb7fe-13a8-4906-9691-5ce5ae485963,갑근세 기타서류(적립금)_1994~1999_1994 원천징수 영수철_1994_전국재해대책협의회_p17.jpeg,completed,1785440385
8384cc68-550a-4e93-b85a-41a6329bd4a2,갑근세 기타서류(적립금)_1994~1999_1994 원천징수 영수철_1994_전국재해대책협의회_p16.jpeg,completed,1785440345
6ff704b5-3fa1-4a5f-8003-d8839c859fe2,갑근세 기타서류(적립금)_1994~1999_1994 원천징수 영수철_1994_전국재해대책협의회_p15.jpeg,completed,1785440339
5b3cdf5e-3aba-4806-ba81-79367cfec097,갑근세 기타서류(적립금)_1994~1999_1994 원천징수 영수철_1994_전국재해대책협의회_p14.jpeg,completed,1785440337
c9b3db04-a544-4461-98ad-9467824be3c8,갑근세 기타서류(적립금)_1994~1999_1994 원천징수 영수철_1994_전국재해대책협의회_p13.jpeg,completed,1785440337
6aed92d5-ac1c-47db-b4f7-ed118e71aab5,갑근세 기타서류(적립금)_1994~1999_1994 원천징수 영수철_1994_전국재해대책협의회_p12.jpeg,completed,1785440313
8b33acbd-8191-4d55-9e74-d4bf9c5d937e,갑근세 기타서류(적립금)_1994~1999_1994 원천징수 영수철_1994_전국재해대책협의회_p11.jpeg,completed,1785440300
a6ad1041-78b7-49b7-98a2-74ee63e03820,갑근세 기타서류(적립금)_1994~1999_1994 원천징수 영수철_1994_전국재해대책협의회_p10.jpeg,completed,1785440287
87840b92-e541-4494-a9ea-f7e59ab795db,갑근세 기타서류(적립금)_1994~1999_1994 원천징수 영수철_1994_전국재해대책협의회_p9.jpeg,completed,1785440281
ea2522c1-0833-4e8b-b117-b33bfdd5417b,갑근세 기타서류(적립금)_1994~1999_1994 원천징수 영수철_1994_전국재해대책협의회_p8.jpeg,completed,1785440267
3b7f7c5d-b230-44d5-9731-2c1a02047ab0,갑근세 기타서류(적립금)_1994~1999_1994 원천징수 영수철_1994_전국재해대책협의회_p7.jpeg,completed,1785440262
452f9863-2b92-4f02-9162-dbdd0707d4bc,갑근세 기타서류(적립금)_1994~1999_1994 원천징수 영수철_1994_전국재해대책협의회_p6.jpeg,completed,1785440253
c617a4d3-a147-4767-8fbf-6c93028ff894,갑근세 기타서류(적립금)_1994~1999_1994 원천징수 영수철_1994_전국재해대책협의회_p5.jpeg,completed,1785440244
5588762e-52bc-4a44-90c4-a1af383f6a4e,갑근세 기타서류(적립금)_1994~1999_1994 원천징수 영수철_1994_전국재해대책협의회_p4.jpeg,completed,1785440242
1882649e-136f-4c46-9a4a-caddbd3665dd,갑근세 기타서류(적립금)_1994~1999_1994 원천징수 영수철_1994_전국재해대책협의회_p3.jpeg,completed,1785440229
9eaa2398-0dae-4740-af3a-79035b883a89,갑근세 기타서류(적립금)_1994~1999_1994 원천징수 영수철_1994_전국재해대책협의회_p2.jpeg,completed,1785440214
e7acff4a-c147-439b-89ed-b6e8acdc726b,갑근세 기타서류(적립금)_1994~1999_1994 원천징수 영수철_1994_전국재해대책협의회_p1.jpeg,completed,1785440203
c6e515b0-8b6b-4b6d-9344-330c2bd1f5f5,갑근세 기타서류(적립금)_1994~1999_1994 원천세(갑근)_1994_p80.jpeg,completed,1785440177
64042fe6-a6ab-45b1-8763-c2d85d871c8d,갑근세 기타서류(적립금)_1994~1999_1994 원천세(갑근)_1994_p79.jpeg,completed,1785440166
5b0ad896-2c35-4c97-b4cc-57a25e2d77dc,갑근세 기타서류(적립금)_1994~1999_1994 원천세(갑근)_1994_p77.jpeg,completed,1785440153
882b003a-6294-4217-ac84-55ce8bdee26d,갑근세 기타서류(적립금)_1994~1999_1994 원천세(갑근)_1994_p78.jpeg,completed,1785440152
a756066f-0196-44ea-b00a-bf69cd444bb0,갑근세 기타서류(적립금)_1994~1999_1994 원천세(갑근)_1994_p76.jpeg,completed,1785440150
5eb22093-4b1f-421b-9719-8fdae880537f,갑근세 기타서류(적립금)_1994~1999_1994 원천세(갑근)_1994_p75.jpeg,completed,1785440132
1e2a08bf-f33e-46f7-8372-f31c4900aebc,갑근세 기타서류(적립금)_1994~1999_1994 원천세(갑근)_1994_p74.jpeg,completed,1785440131
5d8dc4f0-c013-4223-82f8-b787b8777eb4,갑근세 기타서류(적립금)_1994~1999_1994 원천세(갑근)_1994_p73.jpeg,completed,1785440083
5362949f-7e12-4ef9-91b4-5e8d31cce916,갑근세 기타서류(적립금)_1994~1999_1994 원천세(갑근)_1994_p71.jpeg,completed,1785440078
53a7f54e-cadf-4216-8996-daf2ad959b74,갑근세 기타서류(적립금)_1994~1999_1994 원천세(갑근)_1994_p72.jpeg,completed,1785440078
1bf49757-193e-4af3-9895-5c3da201a9e2,갑근세 기타서류(적립금)_1994~1999_1994 원천세(갑근)_1994_p70.jpeg,completed,1785440050
3fa5f9f6-eeb7-45cf-853e-bdcd81152e53,갑근세 기타서류(적립금)_1994~1999_1994 원천세(갑근)_1994_p69.jpeg,completed,1785440040
db71c440-e674-4a0c-b98c-74f9b678161e,갑근세 기타서류(적립금)_1994~1999_1994 원천세(갑근)_1994_p68.jpeg,completed,1785440024
8f0810d9-8c1c-4712-b42f-741106141d48,갑근세 기타서류(적립금)_1994~1999_1994 원천세(갑근)_1994_p67.jpeg,completed,1785440011
d1b1413f-73e6-45e2-814f-ddccc8a3f99a,갑근세 기타서류(적립금)_1994~1999_1994 원천세(갑근)_1994_p66.jpeg,completed,1785440007
375627be-59d9-482a-9dc6-a6ae69906adf,갑근세 기타서류(적립금)_1994~1999_1994 원천세(갑근)_1994_p65.jpeg,completed,1785440005
de815734-fad1-4659-9f03-6bfcbae70384,갑근세 기타서류(적립금)_1994~1999_1994 원천세(갑근)_1994_p64.jpeg,completed,1785439980
2668bb73-f67d-4c87-9139-f13d418a12d8,갑근세 기타서류(적립금)_1994~1999_1994 원천세(갑근)_1994_p63.jpeg,completed,1785439977
c280dbf3-bc94-4fe4-a79d-17d86a2bbb5b,갑근세 기타서류(적립금)_1994~1999_1994 원천세(갑근)_1994_p62.jpeg,completed,1785439949
48b979ac-1007-4515-af75-abd36ffdbe1c,갑근세 기타서류(적립금)_1994~1999_1994 원천세(갑근)_1994_p61.jpeg,completed,1785439932
7e9d8dfa-04fc-4f8a-9bd5-eefa54a3476b,갑근세 기타서류(적립금)_1994~1999_1994 원천세(갑근)_1994_p60.jpeg,completed,1785439924
505a1042-dda8-4236-a390-940a4db6f2bd,갑근세 기타서류(적립금)_1994~1999_1994 원천세(갑근)_1994_p59.jpeg,completed,1785439922
44f6c05f-6d14-4d69-b0cf-1547aad7b89c,갑근세 기타서류(적립금)_1994~1999_1994 원천세(갑근)_1994_p58.jpeg,completed,1785439905
e1094feb-b626-4fac-9b78-f70cb7d80aad,갑근세 기타서류(적립금)_1994~1999_1994 원천세(갑근)_1994_p57.jpeg,completed,1785439888
a2757119-bc13-4216-af19-788661d9b551,갑근세 기타서류(적립금)_1994~1999_1994 원천세(갑근)_1994_p56.jpeg,completed,1785439879
f723a256-e7a8-42cd-aa79-cabe95c2b9dd,갑근세 기타서류(적립금)_1994~1999_1994 원천세(갑근)_1994_p55.jpeg,completed,1785439878
7d6a7fdc-60f7-4f91-a85e-84281119878f,갑근세 기타서류(적립금)_1994~1999_1994 원천세(갑근)_1994_p54.jpeg,completed,1785439864
b2ae361c-e695-4ef4-a4b7-a3fa1c553c48,갑근세 기타서류(적립금)_1994~1999_1994 원천세(갑근)_1994_p53.jpeg,completed,1785439828
da9f94b4-f3ec-4a9c-ad84-3cb03c1c7908,갑근세 기타서류(적립금)_1994~1999_1994 원천세(갑근)_1994_p52.jpeg,completed,1785439815
0ade1f4b-475f-40cb-988e-0556a7e4a06c,갑근세 기타서류(적립금)_1994~1999_1994 원천세(갑근)_1994_p50.jpeg,completed,1785439801
50ee9a2c-8ad5-4004-8a24-ddd144768d3c,갑근세 기타서류(적립금)_1994~1999_1994 원천세(갑근)_1994_p49.jpeg,completed,1785439795
611c360b-2794-4758-94a4-b7a232f28244,갑근세 기타서류(적립금)_1994~1999_1994 원천세(갑근)_1994_p48.jpeg,completed,1785439758
8645f2fc-153f-4193-a0f4-72856c8a7328,갑근세 기타서류(적립금)_1994~1999_1994 원천세(갑근)_1994_p47.jpeg,completed,1785439751
52c0f6cd-c6d9-4399-8405-8c6b6dd298b4,갑근세 기타서류(적립금)_1994~1999_1994 원천세(갑근)_1994_p46.jpeg,completed,1785439737
317d922e-c482-4a55-a420-1c7778c3b3f6,갑근세 기타서류(적립금)_1994~1999_1994 원천세(갑근)_1994_p45.jpeg,completed,1785439724
8a4526d3-60ad-48c4-b41b-af7229e83644,갑근세 기타서류(적립금)_1994~1999_1994 원천세(갑근)_1994_p44.jpeg,completed,1785439714
b196c4cb-89cc-414d-b42a-2db24aa81449,갑근세 기타서류(적립금)_1994~1999_1994 원천세(갑근)_1994_p43.jpeg,completed,1785439712
dd3b57b6-31b7-48c8-8b76-d8ec1dfcb751,갑근세 기타서류(적립금)_1994~1999_1994 원천세(갑근)_1994_p42.jpeg,completed,1785439668
8f3856dc-51f2-4105-a943-1cf806a3db9c,갑근세 기타서류(적립금)_1994~1999_1994 원천세(갑근)_1994_p41.jpeg,completed,1785439664
01b729d8-0f57-4887-9a5b-fe9c2762650c,갑근세 기타서류(적립금)_1994~1999_1994 원천세(갑근)_1994_p40.jpeg,completed,1785439661
bcb8de01-7c6d-4367-9967-5ec49c2b79f8,갑근세 기타서류(적립금)_1994~1999_1994 원천세(갑근)_1994_p39.jpeg,completed,1785439644
c5d96793-91e3-4a16-8cc6-4bbed0e09769,갑근세 기타서류(적립금)_1994~1999_1994 원천세(갑근)_1994_p38.jpeg,completed,1785439620
61a79f14-6968-4c53-a03b-b7446cc65e42,갑근세 기타서류(적립금)_1994~1999_1994 원천세(갑근)_1994_p37.jpeg,completed,1785439618
a55f2a2f-a3e2-45a8-b1d9-c7859342b461,갑근세 기타서류(적립금)_1994~1999_1994 원천세(갑근)_1994_p36.jpeg,completed,1785439591
5cd73d22-1378-47ff-96e4-6b317be2f3e9,갑근세 기타서류(적립금)_1994~1999_1994 원천세(갑근)_1994_p35.jpeg,completed,1785439583
d602e17a-a4b4-4f4d-9744-6357b263e155,갑근세 기타서류(적립금)_1994~1999_1994 원천세(갑근)_1994_p34.jpeg,completed,1785439579
94239d5e-7a68-41ae-a6db-38a94a7de18f,갑근세 기타서류(적립금)_1994~1999_1994 원천세(갑근)_1994_p33.jpeg,completed,1785439565
bdc4f4f1-056b-4746-bdec-6530676a63c8,갑근세 기타서류(적립금)_1994~1999_1994 원천세(갑근)_1994_p32.jpeg,completed,1785439543
15104aef-0072-44f5-8a8b-e619795c2c44,갑근세 기타서류(적립금)_1994~1999_1994 원천세(갑근)_1994_p31.jpeg,completed,1785439542
feb08677-1f60-4d5e-83a9-11e4e7ae45ce,갑근세 기타서류(적립금)_1994~1999_1994 원천세(갑근)_1994_p30.jpeg,completed,1785439519
2cd4d948-9142-4650-86af-a1340ca939f5,갑근세 기타서류(적립금)_1994~1999_1994 원천세(갑근)_1994_p29.jpeg,completed,1785439518
99b28734-ad32-4fa0-964a-9358d1727843,갑근세 기타서류(적립금)_1994~1999_1994 원천세(갑근)_1994_p28.jpeg,completed,1785439511
71c38816-2887-4c9c-8177-a44c7475203a,갑근세 기타서류(적립금)_1994~1999_1994 원천세(갑근)_1994_p27.jpeg,completed,1785439488
27a52ed7-036d-499f-8932-8383df5e89f0,갑근세 기타서류(적립금)_1994~1999_1994 원천세(갑근)_1994_p26.jpeg,completed,1785439482
30c77c6e-c9e5-4aa2-bc0b-ee33e82d8d44,갑근세 기타서류(적립금)_1994~1999_1994 원천세(갑근)_1994_p25.jpeg,completed,1785439479
0b63ff25-2ca5-4563-b2d0-87bfb5ca10a7,갑근세 기타서류(적립금)_1994~1999_1994 원천세(갑근)_1994_p24.jpeg,completed,1785439467
3617cad5-85b3-4dfa-892a-fd23eff59fe8,갑근세 기타서류(적립금)_1994~1999_1994 원천세(갑근)_1994_p23.jpeg,completed,1785439450
7abdba9b-86dd-4336-81d1-1409236777cd,갑근세 기타서류(적립금)_1994~1999_1994 원천세(갑근)_1994_p22.jpeg,completed,1785439437
738b53c6-12c7-48a6-a48f-61781775ce61,갑근세 기타서류(적립금)_1994~1999_1994 원천세(갑근)_1994_p21.jpeg,completed,1785439427
71330648-0cbb-4acf-8470-bdc58863781a,갑근세 기타서류(적립금)_1994~1999_1994 원천세(갑근)_1994_p20.jpeg,completed,1785439414
72d37c83-4774-420f-b38f-5431e43411d9,갑근세 기타서류(적립금)_1994~1999_1994 원천세(갑근)_1994_p19.jpeg,completed,1785439402
4dd3364b-81b2-4c54-ab46-02b0fd167276,갑근세 기타서류(적립금)_1994~1999_1994 원천세(갑근)_1994_p18.jpeg,completed,1785439401
24c17582-33f1-4e86-a1c5-8c4d425e3a5d,갑근세 기타서류(적립금)_1994~1999_1994 원천세(갑근)_1994_p17.jpeg,completed,1785439394
00a38585-0e0c-4a7a-9f47-73218c6ea9f3,갑근세 기타서류(적립금)_1994~1999_1994 원천세(갑근)_1994_p16.jpeg,completed,1785439355
ae1a3b8f-a475-4669-a0f0-fad4cf43b44b,갑근세 기타서류(적립금)_1994~1999_1994 원천세(갑근)_1994_p15.jpeg,completed,1785439354
08341aa7-10cc-4da6-85f0-752fb02913d6,갑근세 기타서류(적립금)_1994~1999_1994 원천세(갑근)_1994_p14.jpeg,completed,1785439351
c1826322-41ef-4875-a401-970a5d53982e,갑근세 기타서류(적립금)_1994~1999_1994 원천세(갑근)_1994_p13.jpeg,completed,1785439348
294dd310-e689-46c3-81b1-f1a2b10e5a92,갑근세 기타서류(적립금)_1994~1999_1994 원천세(갑근)_1994_p12.jpeg,completed,1785439293
2655e37e-823e-4902-9487-4c6c30be77a9,갑근세 기타서류(적립금)_1994~1999_1994 원천세(갑근)_1994_p11.jpeg,completed,1785439258
48d40ae0-2d71-4ef5-ba7d-761d1f8eb43a,갑근세 기타서류(적립금)_1994~1999_1994 원천세(갑근)_1994_p10.jpeg,completed,1785439233
e18f3e46-83ed-4d72-9524-e58b651342b6,갑근세 기타서류(적립금)_1994~1999_1994 원천세(갑근)_1994_p9.jpeg,completed,1785439232
ef794a73-89d9-4269-817e-afe330827371,갑근세 기타서류(적립금)_1994~1999_1994 원천세(갑근)_1994_p8.jpeg,completed,1785439222
c557d0c0-24b7-4824-af33-aff9e4d1af25,갑근세 기타서류(적립금)_1994~1999_1994 원천세(갑근)_1994_p7.jpeg,completed,1785439213
38f257dd-7e1d-4652-9344-22d01d4cadc9,갑근세 기타서류(적립금)_1994~1999_1994 원천세(갑근)_1994_p6.jpeg,completed,1785439203
afab672d-c883-4e84-bfe8-eb6d8d995d8b,갑근세 기타서류(적립금)_1994~1999_1994 원천세(갑근)_1994_p4.jpeg,completed,1785439178
c06fa074-8946-4822-bc7c-a95da5b4e998,갑근세 기타서류(적립금)_1994~1999_1994 원천세(갑근)_1994_p5.jpeg,completed,1785439178
b093827c-37ab-4953-8539-d1a5be0ffc73,갑근세 기타서류(적립금)_1994~1999_1994 원천세(갑근)_1994_p3.jpeg,completed,1785439157
24e94b8c-ca0d-4f03-8614-c0bbeab90a18,갑근세 기타서류(적립금)_1994~1999_1994 원천세(갑근)_1994_p2.jpeg,completed,1785439156
893006a1-1501-4988-bd00-d7fb22dd525a,갑근세 기타서류(적립금)_1994~1999_1994 원천세(갑근)_1994_p1.jpeg,completed,1785439152
9126ba34-a65d-4f2b-bc57-7178770e0624,갑근세 기타서류(적립금)_1994~1999_1994 원천세(갑근)_1994_p0.jpeg,completed,1785439141
54bce061-5389-4316-a6df-886821a97ce1,갑근세 기타서류(적립금)_1994~1999_1992 운영 퇴직 적립금_1992_p98.jpeg,completed,1785439140
a1e90637-be38-46f2-acf4-eae5ff1e2074,갑근세 기타서류(적립금)_1994~1999_1992 운영 퇴직 적립금_1992_p97.jpeg,completed,1785439115
58cb8098-5b32-4d9e-b5a2-be37b7d3e624,갑근세 기타서류(적립금)_1994~1999_1992 운영 퇴직 적립금_1992_p96.jpeg,completed,1785439114
03d2b208-dfe0-4708-b356-3eb213f0b8f0,갑근세 기타서류(적립금)_1994~1999_1992 운영 퇴직 적립금_1992_p95.jpeg,completed,1785439106
b0bc69d2-c65a-4b87-b9dd-c54049f4b820,갑근세 기타서류(적립금)_1994~1999_1992 운영 퇴직 적립금_1992_p94.jpeg,completed,1785439101
6e7e8cad-3572-4efa-afda-ab4679c38a99,갑근세 기타서류(적립금)_1994~1999_1992 운영 퇴직 적립금_1992_p93.jpeg,completed,1785439080
97ec345e-eb72-4b16-bd33-2e49f22d4897,갑근세 기타서류(적립금)_1994~1999_1992 운영 퇴직 적립금_1992_p92.jpeg,completed,1785439068
614bd9e8-4a0d-42ed-9fd2-1c80bf8d3f19,갑근세 기타서류(적립금)_1994~1999_1992 운영 퇴직 적립금_1992_p91.jpeg,completed,1785439060
db23c275-1ee3-45d6-b8a4-432fed372733,갑근세 기타서류(적립금)_1994~1999_1992 운영 퇴직 적립금_1992_p90.jpeg,completed,1785439058
85bc2f60-c54d-4cfb-a2fc-ccb02c6e55fa,갑근세 기타서류(적립금)_1994~1999_1992 운영 퇴직 적립금_1992_p89.jpeg,completed,1785439040
a9922cc8-4c9a-4e8f-a575-6bcd45364c9c,갑근세 기타서류(적립금)_1994~1999_1992 운영 퇴직 적립금_1992_p88.jpeg,completed,1785439036
f7f3d480-a57f-488c-bbbc-721df646ddac,갑근세 기타서류(적립금)_1994~1999_1992 운영 퇴직 적립금_1992_p87.jpeg,completed,1785439033
5a616674-26b2-4417-a27c-f4e7db1a5953,갑근세 기타서류(적립금)_1994~1999_1992 운영 퇴직 적립금_1992_p86.jpeg,completed,1785439020
77a2443f-de00-4aac-ab23-5701418fd582,갑근세 기타서류(적립금)_1994~1999_1992 운영 퇴직 적립금_1992_p85.jpeg,completed,1785439020
2f989df8-312e-447d-af7d-b6d41af2a263,갑근세 기타서류(적립금)_1994~1999_1992 운영 퇴직 적립금_1992_p84.jpeg,completed,1785439012
d99b52a2-febf-41ce-9045-09db311dc72a,갑근세 기타서류(적립금)_1994~1999_1992 운영 퇴직 적립금_1992_p83.jpeg,completed,1785439012
d85b6ada-9c48-46e8-8250-1ab3e2dd7352,갑근세 기타서류(적립금)_1994~1999_1992 운영 퇴직 적립금_1992_p82.jpeg,completed,1785438984
908b76dc-4b09-4616-b631-31d3cda00f0c,갑근세 기타서류(적립금)_1994~1999_1992 운영 퇴직 적립금_1992_p81.jpeg,completed,1785438973
be61c96b-7ff0-4a52-bb1b-35edd6efbfb7,갑근세 기타서류(적립금)_1994~1999_1992 운영 퇴직 적립금_1992_p80.jpeg,completed,1785438960
fd2b952d-ffb2-4d0a-a32a-fd0bbb45d436,갑근세 기타서류(적립금)_1994~1999_1992 운영 퇴직 적립금_1992_p79.jpeg,completed,1785438951
0813f1ae-2dfb-4d02-af59-b731c4f23ed4,갑근세 기타서류(적립금)_1994~1999_1992 운영 퇴직 적립금_1992_p78.jpeg,completed,1785438943
60630e31-a837-4776-b401-400b0053156d,갑근세 기타서류(적립금)_1994~1999_1992 운영 퇴직 적립금_1992_p77.jpeg,completed,1785438935
1bdc43e1-7f92-4c68-bcad-b28427f0ff3d,갑근세 기타서류(적립금)_1994~1999_1992 운영 퇴직 적립금_1992_p76.jpeg,completed,1785438913
6dd99519-30a8-4ac1-90c7-b6c525ed358e,갑근세 기타서류(적립금)_1994~1999_1992 운영 퇴직 적립금_1992_p75.jpeg,completed,1785438889
a1982ee4-e158-4417-9b34-be3d462b792a,갑근세 기타서류(적립금)_1994~1999_1992 운영 퇴직 적립금_1992_p74.jpeg,completed,1785438887
2078a5b0-429a-4091-908d-2d4745f4a672,갑근세 기타서류(적립금)_1994~1999_1992 운영 퇴직 적립금_1992_p73.jpeg,completed,1785438880
8f1c92ce-b4cf-4339-8415-5289f7d5a880,갑근세 기타서류(적립금)_1994~1999_1992 운영 퇴직 적립금_1992_p72.jpeg,completed,1785438878
ebde64fd-8d20-4266-be51-88dc2d2b16f7,갑근세 기타서류(적립금)_1994~1999_1992 운영 퇴직 적립금_1992_p71.jpeg,completed,1785438853
71d74c74-381a-4f0d-909e-bb4fa8d5b068,갑근세 기타서류(적립금)_1994~1999_1992 운영 퇴직 적립금_1992_p70.jpeg,completed,1785438851
443d4571-6afb-4d6e-841c-348bd0451231,갑근세 기타서류(적립금)_1994~1999_1992 운영 퇴직 적립금_1992_p69.jpeg,completed,1785438851
fdf8eba4-d40f-4f64-81dd-9fa93ff25c52,갑근세 기타서류(적립금)_1994~1999_1992 운영 퇴직 적립금_1992_p68.jpeg,completed,1785438826
7586e862-f147-4fda-a48f-68f0b478243f,갑근세 기타서류(적립금)_1994~1999_1992 운영 퇴직 적립금_1992_p67.jpeg,completed,1785438822
776a65ad-39b4-44bf-bbb7-6ca5a3c51b97,갑근세 기타서류(적립금)_1994~1999_1992 운영 퇴직 적립금_1992_p66.jpeg,completed,1785438821
064738c2-e2d6-49dd-83ae-d72daeadfe43,갑근세 기타서류(적립금)_1994~1999_1992 운영 퇴직 적립금_1992_p65.jpeg,completed,1785438804
d64fc9ec-dfc4-4063-8163-f93ffeb3642e,갑근세 기타서류(적립금)_1994~1999_1992 운영 퇴직 적립금_1992_p64.jpeg,completed,1785438789
59219a51-2c1e-4e2d-b31b-ed8bfe49ff6d,갑근세 기타서류(적립금)_1994~1999_1992 운영 퇴직 적립금_1992_p63.jpeg,completed,1785438780
814bb267-c082-4dec-9246-f30a56dabe9e,갑근세 기타서류(적립금)_1994~1999_1992 운영 퇴직 적립금_1992_p62.jpeg,completed,1785438765
75e15c46-7478-42d3-9c40-84d551143d29,갑근세 기타서류(적립금)_1994~1999_1992 운영 퇴직 적립금_1992_p60.jpeg,completed,1785438756
3db77ddb-9514-4cab-a137-c07a1f04ee3a,갑근세 기타서류(적립금)_1994~1999_1992 운영 퇴직 적립금_1992_p61.jpeg,completed,1785438756
db361eba-2a1f-4bda-9293-908f70d149b1,갑근세 기타서류(적립금)_1994~1999_1992 운영 퇴직 적립금_1992_p58.jpeg,completed,1785438740
7829bac5-667f-4927-aa75-aaecf006b65e,갑근세 기타서류(적립금)_1994~1999_1992 운영 퇴직 적립금_1992_p59.jpeg,completed,1785438740
f2b869a8-533a-49dd-845a-8e0e0cbe38c3,갑근세 기타서류(적립금)_1994~1999_1992 운영 퇴직 적립금_1992_p57.jpeg,completed,1785438724
f36e950c-acd6-4b00-8b0e-b4d540c872e6,갑근세 기타서류(적립금)_1994~1999_1992 운영 퇴직 적립금_1992_p56.jpeg,completed,1785438724
c7ae9b31-d18a-4232-bf98-513d90ebf565,갑근세 기타서류(적립금)_1994~1999_1992 운영 퇴직 적립금_1992_p55.jpeg,completed,1785438721
ddd01328-883b-4423-8688-b07a16be9fb8,갑근세 기타서류(적립금)_1994~1999_1992 운영 퇴직 적립금_1992_p54.jpeg,completed,1785438697
90000ab6-c3a7-4206-b1af-f5c4b0c5cf37,갑근세 기타서류(적립금)_1994~1999_1992 운영 퇴직 적립금_1992_p53.jpeg,completed,1785438661
63152dda-9522-4d15-8417-d87972e92e03,갑근세 기타서류(적립금)_1994~1999_1992 운영 퇴직 적립금_1992_p52.jpeg,completed,1785438658
e3ec085e-0e9b-4c1a-a8c3-2dd5071fe27f,갑근세 기타서류(적립금)_1994~1999_1992 운영 퇴직 적립금_1992_p50.jpeg,completed,1785438655
9f19c7f3-e118-474e-94fe-038c7f820e2a,갑근세 기타서류(적립금)_1994~1999_1992 운영 퇴직 적립금_1992_p51.jpeg,completed,1785438655
5666d48a-984d-451e-99d7-91899e1502ae,갑근세 기타서류(적립금)_1994~1999_1992 운영 퇴직 적립금_1992_p49.jpeg,completed,1785438651
18d6e034-8c4e-4367-9f3b-85659c123c0b,갑근세 기타서류(적립금)_1994~1999_1992 운영 퇴직 적립금_1992_p48.jpeg,completed,1785438627
45969364-b1f0-4710-9dcf-03129b2621e0,갑근세 기타서류(적립금)_1994~1999_1992 운영 퇴직 적립금_1992_p47.jpeg,completed,1785438621
9f951742-f846-4ebc-9ffb-3488f52f4cfe,갑근세 기타서류(적립금)_1994~1999_1992 운영 퇴직 적립금_1992_p46.jpeg,completed,1785438613
1eca1f7c-018c-4623-9729-01d626068502,갑근세 기타서류(적립금)_1994~1999_1992 운영 퇴직 적립금_1992_p45.jpeg,completed,1785438607
41053228-ce1b-43c0-bdc9-479efbe1bca2,갑근세 기타서류(적립금)_1994~1999_1992 운영 퇴직 적립금_1992_p44.jpeg,completed,1785438575
bcac3ae9-3547-43d6-a920-91d02b73498d,갑근세 기타서류(적립금)_1994~1999_1992 운영 퇴직 적립금_1992_p43.jpeg,completed,1785438570
9b93460f-41c6-45a6-a588-1c76256acd4e,갑근세 기타서류(적립금)_1994~1999_1992 운영 퇴직 적립금_1992_p42.jpeg,completed,1785438563
17c34869-cc85-443d-b36f-6317dd84d611,갑근세 기타서류(적립금)_1994~1999_1992 운영 퇴직 적립금_1992_p41.jpeg,completed,1785438551
0f0e3781-813b-4aef-8609-99912eee0456,갑근세 기타서류(적립금)_1994~1999_1992 운영 퇴직 적립금_1992_p40.jpeg,completed,1785438543
63d24b47-6c09-4148-abf1-908490e12d9c,갑근세 기타서류(적립금)_1994~1999_1992 운영 퇴직 적립금_1992_p39.jpeg,completed,1785438537
8a5f74dc-ba4b-4818-931e-8def66a1d2be,갑근세 기타서류(적립금)_1994~1999_1992 운영 퇴직 적립금_1992_p38.jpeg,completed,1785438533
8e329688-c15d-4414-b59a-34e42ced05bc,갑근세 기타서류(적립금)_1994~1999_1992 운영 퇴직 적립금_1992_p37.jpeg,completed,1785438503
aeb2c700-7011-48d8-b755-5f591119e79e,갑근세 기타서류(적립금)_1994~1999_1992 운영 퇴직 적립금_1992_p36.jpeg,completed,1785438496
c225484f-fa67-49a3-9282-15063e4bccfa,갑근세 기타서류(적립금)_1994~1999_1992 운영 퇴직 적립금_1992_p35.jpeg,completed,1785438470
033d00e9-6f2c-4901-9dcf-d8b664df6c55,갑근세 기타서류(적립금)_1994~1999_1992 운영 퇴직 적립금_1992_p34.jpeg,completed,1785438466
4957e65e-c9cf-4148-bbc7-659daa97b78c,갑근세 기타서류(적립금)_1994~1999_1992 운영 퇴직 적립금_1992_p33.jpeg,completed,1785438452
7201e1f9-7b36-43b5-aa5f-f6754e6582f5,갑근세 기타서류(적립금)_1994~1999_1992 운영 퇴직 적립금_1992_p32.jpeg,completed,1785438442
318e2692-c3ac-4835-9109-d201226e7084,갑근세 기타서류(적립금)_1994~1999_1992 운영 퇴직 적립금_1992_p31.jpeg,completed,1785438430
3617e186-ee43-4a05-ae47-a317c07e323e,갑근세 기타서류(적립금)_1994~1999_1992 운영 퇴직 적립금_1992_p30.jpeg,completed,1785438430
b7fe3a9c-f5a7-4455-ac4d-710a0cdd432a,갑근세 기타서류(적립금)_1994~1999_1992 운영 퇴직 적립금_1992_p29.jpeg,completed,1785438427
22a5e2c6-9281-41b4-a398-3f87516d6830,갑근세 기타서류(적립금)_1994~1999_1992 운영 퇴직 적립금_1992_p28.jpeg,completed,1785438397
8e4a524f-78d6-409b-bcea-651b8e855bc1,갑근세 기타서류(적립금)_1994~1999_1992 운영 퇴직 적립금_1992_p27.jpeg,completed,1785438394
fc0eeb52-0ca9-4ac1-a207-e44fa1b52edf,갑근세 기타서류(적립금)_1994~1999_1992 운영 퇴직 적립금_1992_p26.jpeg,completed,1785438390
57f0e9a3-52f8-4b4a-814f-9678b08fad48,갑근세 기타서류(적립금)_1994~1999_1992 운영 퇴직 적립금_1992_p25.jpeg,completed,1785438375
4910d67d-31c9-4962-8a36-ba5f1bc8179d,갑근세 기타서류(적립금)_1994~1999_1992 운영 퇴직 적립금_1992_p24.jpeg,completed,1785438361
57d26546-d191-40cc-88a9-1a524f182e74,갑근세 기타서류(적립금)_1994~1999_1992 운영 퇴직 적립금_1992_p23.jpeg,completed,1785438344
e1ab7c05-16d4-4e51-b83d-04dcbc041114,갑근세 기타서류(적립금)_1994~1999_1992 운영 퇴직 적립금_1992_p22.jpeg,completed,1785438317
2579c61a-08c1-4a8c-a2b1-36e6bb291168,갑근세 기타서류(적립금)_1994~1999_1992 운영 퇴직 적립금_1992_p21.jpeg,completed,1785438314
30bc3da9-f17a-4b0a-a3a9-e26a0736d4dd,갑근세 기타서류(적립금)_1994~1999_1992 운영 퇴직 적립금_1992_p20.jpeg,completed,1785438314
f63bc716-d723-4836-840f-29ffb86d4f24,갑근세 기타서류(적립금)_1994~1999_1992 운영 퇴직 적립금_1992_p19.jpeg,completed,1785438299
07cd4cc3-f9a8-4c53-905f-22d0e180068e,갑근세 기타서류(적립금)_1994~1999_1992 운영 퇴직 적립금_1992_p18.jpeg,completed,1785438281
0b3b2bb3-3a14-447d-9f43-df775a0e5bd6,갑근세 기타서류(적립금)_1994~1999_1992 운영 퇴직 적립금_1992_p17.jpeg,completed,1785438263
4172241b-8392-47f5-be03-7345223874b7,갑근세 기타서류(적립금)_1994~1999_1992 운영 퇴직 적립금_1992_p16.jpeg,completed,1785438254
66e63022-32d6-4e56-9b5a-82c3574244b8,갑근세 기타서류(적립금)_1994~1999_1992 운영 퇴직 적립금_1992_p15.jpeg,completed,1785438250
a5fc24ef-39d8-425a-a828-55875eb70877,갑근세 기타서류(적립금)_1994~1999_1992 운영 퇴직 적립금_1992_p14.jpeg,completed,1785438248
8b438594-956a-4843-99ad-e2845438980f,갑근세 기타서류(적립금)_1994~1999_1992 운영 퇴직 적립금_1992_p13.jpeg,completed,1785438247
626a7dd9-8fb5-45f3-83ac-b2ba198f7a53,갑근세 기타서류(적립금)_1994~1999_1992 운영 퇴직 적립금_1992_p12.jpeg,completed,1785438193
b098b8c9-a780-4b1a-b01d-4a4e099140f9,갑근세 기타서류(적립금)_1994~1999_1992 운영 퇴직 적립금_1992_p7.jpeg,completed,1785438166
eba72b65-2473-4f29-86d5-77c14559ef7c,갑근세 기타서류(적립금)_1994~1999_1992 운영 퇴직 적립금_1992_p11.jpeg,completed,1785438166
8a5c1408-6714-40b0-8a10-7fa0be026b57,갑근세 기타서류(적립금)_1994~1999_1992 운영 퇴직 적립금_1992_p8.jpeg,completed,1785438166
aa31aceb-b6f8-4fbd-b34a-ede8d7d5a072,갑근세 기타서류(적립금)_1994~1999_1992 운영 퇴직 적립금_1992_p10.jpeg,completed,1785438166
0756a030-1dad-4154-9873-44a0b5916d09,갑근세 기타서류(적립금)_1994~1999_1992 운영 퇴직 적립금_1992_p2.jpeg,completed,1785438166
8ae93a9d-113c-4175-a204-5c5ea9a42c56,갑근세 기타서류(적립금)_1994~1999_1992 운영 퇴직 적립금_1992_p5.jpeg,completed,1785438165
e0da20f9-bd23-48d0-87b3-97e7e32749bf,갑근세 기타서류(적립금)_1994~1999_1992 운영 퇴직 적립금_1992_p6.jpeg,completed,1785438165
c06d9f70-a988-4496-9c6a-a30e05de0e30,갑근세 기타서류(적립금)_1994~1999_1992 운영 퇴직 적립금_1992_p3.jpeg,completed,1785438165
100b7837-720c-4deb-8e63-d0daee21d547,갑근세 기타서류(적립금)_1994~1999_1992 운영 퇴직 적립금_1992_p9.jpeg,completed,1785438165
c4405db0-42f1-46ed-b831-4100446b7ab5,갑근세 기타서류(적립금)_1994~1999_1992 운영 퇴직 적립금_1992_p4.jpeg,completed,1785438164
2a39abab-64d6-4a82-8f27-510e265fbfbf,회계장부_2002~2004 기타장부_금전출납부 2002 구호기금 2_2002_p2.jpeg,completed,1785437935
a4f1affa-d89c-4082-8a2f-902fa0508845,회계장부_2002~2004 기타장부_금전출납부 2002 구호기금 2_2002_p0.jpeg,completed,1785437890
5461c9a5-77e0-4389-a968-ee1f184918a2,회계장부_2002~2004 기타장부_금전출납부 2002 구호기금 1_2002_p33.jpeg,completed,1785437890
255108fe-de3d-48a7-9579-6da2bbf25465,회계장부_2002~2004 기타장부_금전출납부 2002 구호기금 1_2002_p32.jpeg,completed,1785437890
2569def8-baf2-4208-a671-3e75fad2f95f,회계장부_2002~2004 기타장부_금전출납부 2002 구호기금 1_2002_p31.jpeg,completed,1785437890
7ad8316c-2657-4feb-b0f7-ebc35f43064d,회계장부_2002~2004 기타장부_금전출납부 2002 구호기금 1_2002_p30.jpeg,completed,1785437884
3eaf6800-29e5-417a-92c3-888e417645ff,회계장부_2002~2004 기타장부_금전출납부 2002 구호기금 1_2002_p29.jpeg,completed,1785437880
eeab4093-025a-4d16-87d9-2ee9098f4613,회계장부_2002~2004 기타장부_금전출납부 2002 구호기금 1_2002_p25.jpeg,completed,1785437878
b8f45998-0ef0-46b9-bb55-2e602ae5398d,회계장부_2002~2004 기타장부_금전출납부 2002 구호기금 1_2002_p27.jpeg,completed,1785437878
08671061-640c-4770-b095-0852b91cb772,회계장부_2002~2004 기타장부_금전출납부 2002 구호기금 1_2002_p28.jpeg,completed,1785437878
f22d5a1e-f0e6-43e6-b1c8-0bf2b5680da2,회계장부_2002~2004 기타장부_금전출납부 2002 구호기금 1_2002_p18.jpeg,completed,1785437793
ade83c39-4bee-432b-aae9-fabf4836afba,회계장부_2002~2004 기타장부_금전출납부 2002 구호기금 1_2002_p17.jpeg,completed,1785437753
71fd252a-d181-4f86-b190-23e3480fd441,회계장부_2002~2004 기타장부_금전출납부 2002 구호기금 1_2002_p16.jpeg,completed,1785437741
586c5b80-a3d6-449f-8cc0-0f9eddc3406d,회계장부_2002~2004 기타장부_금전출납부 2002 구호기금 1_2002_p15.jpeg,completed,1785437732
b13ebd85-137b-43a3-bda2-c340c038331f,회계장부_2002~2004 기타장부_금전출납부 2002 구호기금 1_2002_p14.jpeg,completed,1785437726
02df7fb0-765c-4c06-8ab4-46411f80c0e4,회계장부_2002~2004 기타장부_금전출납부 2002 구호기금 1_2002_p13.jpeg,completed,1785437706
ea60f432-b8cd-4c7f-90fb-9fcf833aff4c,회계장부_2002~2004 기타장부_금전출납부 2002 구호기금 1_2002_p11.jpeg,completed,1785437648
3bc6d895-8705-4e0c-8019-f9b71617dbe3,회계장부_2002~2004 기타장부_금전출납부 2002 구호기금 1_2002_p10.jpeg,completed,1785437603
dd88018b-ef4f-4d09-9490-b51894312749,회계장부_2002~2004 기타장부_금전출납부 2002 구호기금 1_2002_p8.jpeg,completed,1785437589
3af3a8d9-34f3-485a-bab3-6484730131a8,회계장부_2002~2004 기타장부_금전출납부 2002 구호기금 1_2002_p9.jpeg,completed,1785437589
b01da8d3-ce5a-4df1-87bd-6579be71c1b3,회계장부_2002~2004 기타장부_금전출납부 2002 구호기금 1_2002_p6.jpeg,completed,1785437589
80d67df7-6ff9-4d54-95c9-92b33ddc03f3,회계장부_2002~2004 기타장부_금전출납부 2002 구호기금 1_2002_p2.jpeg,completed,1785437586
4e348619-7bf7-4bc0-ba05-23f64da2d415,회계장부_2002~2004 기타장부_금전출납부 2002 구호기금 1_2002_p3.jpeg,completed,1785437358
47a3a2bc-5f39-4d61-8feb-70e34faca71a,회계장부_2002~2004 기타장부_금전출납부 2002 구호기금 1_2002_p5.jpeg,completed,1785437358
cc253dbd-5509-4567-9463-6b6547bd6734,회계장부_2002~2004 기타장부_금전출납부 2002 구호기금 1_2002_p1.jpeg,error,1785437296
d5a5698a-1652-46ed-89fc-da9a3c46794f,회계장부_2002~2004 기타장부_금전출납부 2002 구호기금 1_2002_p0.jpeg,error,1785437293
7067d4bc-ded0-4ae7-b777-8c1c5d8bc9b3,회계장부_2002~2004 기타장부_금전출납부 2000 복지자금_2000_p25.jpeg,error,1785437281
f76db86d-51de-42e6-8438-7c8f7e716c8f,회계장부_2002~2004 기타장부_금전출납부 2000 복지자금_2000_p24.jpeg,error,1785437276
2279cffa-401f-4857-b1b1-c588db682657,회계장부_2002~2004 기타장부_금전출납부 2000 복지자금_2000_p23.jpeg,error,1785437275
59943835-7b61-4ec7-9093-7b72d260e633,회계장부_2002~2004 기타장부_금전출납부 2000 복지자금_2000_p22.jpeg,completed,1785437265
a69ea6b1-8ebe-4ecb-ae37-d03d897de3fb,회계장부_2002~2004 기타장부_금전출납부 2000 복지자금_2000_p21.jpeg,completed,1785437250
a96ee4c2-7f89-42d4-83bc-24cd2c99196a,회계장부_2002~2004 기타장부_금전출납부 2000 복지자금_2000_p20.jpeg,completed,1785437250
f5b230a4-005c-4ef0-86e1-6a31950e9a3e,회계장부_2002~2004 기타장부_금전출납부 2000 복지자금_2000_p19.jpeg,completed,1785437235
c3e9decd-32d7-421b-a2f1-f3cb8615f1c6,회계장부_2002~2004 기타장부_금전출납부 2000 복지자금_2000_p18.jpeg,completed,1785437231
99585ce2-4457-4223-9b96-ce33f49f33a5,회계장부_2002~2004 기타장부_금전출납부 2000 복지자금_2000_p16.jpeg,completed,1785437183
17ffd192-e64c-4e7e-9f19-819afdec8307,회계장부_2002~2004 기타장부_금전출납부 2000 복지자금_2000_p17.jpeg,completed,1785437183
a3e508db-ee90-4f6c-afcc-a0bb2ffa619c,회계장부_2002~2004 기타장부_금전출납부 2000 복지자금_2000_p14.jpeg,completed,1785437183
5d6fe0c7-c7e4-482c-9fd4-c49f00a5b0b0,회계장부_2002~2004 기타장부_금전출납부 2000 복지자금_2000_p12.jpeg,completed,1785437182
e3e8d912-047c-4895-8055-be353a62b541,회계장부_2002~2004 기타장부_금전출납부 2000 복지자금_2000_p13.jpeg,completed,1785437182
0e51927e-06fa-4c76-8455-4e179e330499,회계장부_2002~2004 기타장부_금전출납부 2000 복지자금_2000_p15.jpeg,completed,1785437182
ad80f634-ee41-435f-8bc7-2e8935d85740,회계장부_2002~2004 기타장부_금전출납부 2000 복지자금_2000_p11.jpeg,completed,1785437120
30c364e9-3a28-45c3-ba4c-efd613422764,회계장부_2002~2004 기타장부_금전출납부 2000 복지자금_2000_p9.jpeg,completed,1785437090
baf887fc-3850-4cd6-8faa-372a0a9f2d60,회계장부_2002~2004 기타장부_금전출납부 2000 복지자금_2000_p10.jpeg,completed,1785437090
be24036c-63cc-4d33-ab04-81299e25539e,회계장부_2002~2004 기타장부_금전출납부 2000 복지자금_2000_p8.jpeg,completed,1785437090
9388e182-4273-4c50-8992-7a1c2ba4255d,회계장부_2002~2004 기타장부_금전출납부 2000 복지자금_2000_p7.jpeg,completed,1785437068
0781ce6d-8c83-4b17-869f-b81104a28fbc,회계장부_2002~2004 기타장부_금전출납부 2000 복지자금_2000_p6.jpeg,completed,1785437053
bbf93c7f-ef61-426d-9342-700e538edb99,회계장부_2002~2004 기타장부_금전출납부 2000 복지자금_2000_p5.jpeg,completed,1785437033
5e2ce4e0-df40-4ea6-98ca-1558d10d93eb,회계장부_2002~2004 기타장부_금전출납부 2000 복지자금_2000_p4.jpeg,completed,1785437018
93c0cc1d-c1d8-43f3-8d99-767fbbc7db9d,회계장부_2002~2004 기타장부_금전출납부 2000 복지자금_2000_p3.jpeg,completed,1785436991
a9b04094-7d61-44d0-8a9f-5b4925c145c5,회계장부_2002~2004 기타장부_금전출납부 2000 복지자금_2000_p2.jpeg,completed,1785436986
d50bfb85-3434-4373-be93-6185225b5b5c,회계장부_2002~2004 기타장부_금전출납부 2000 복지자금_2000_p1.jpeg,completed,1785436976
e32dd63a-485b-4fac-a9e8-a86778f169e5,회계장부_2002~2004 기타장부_금전출납부 2000 복지자금_2000_p0.jpeg,completed,1785436961
253892e2-0716-4429-aa9b-954d8808e26b,회계장부_2002~2004 기타장부_금전출납부 1 복지자금_p30.jpeg,completed,1785436944
222f2d47-b343-4c50-9d6e-5bed7c198e6f,회계장부_2002~2004 기타장부_금전출납부 1 복지자금_p29.jpeg,completed,1785436929
2f8446a9-874f-41e1-89eb-74b72ef64dfd,회계장부_2002~2004 기타장부_금전출납부 1 복지자금_p27.jpeg,completed,1785436919
ec167bff-b6fb-4987-a370-58e7334f96e3,회계장부_2002~2004 기타장부_금전출납부 1 복지자금_p28.jpeg,completed,1785436919
9b7db7c4-0c12-43bd-8984-e3d4d3e61096,회계장부_2002~2004 기타장부_금전출납부 1 복지자금_p24.jpeg,completed,1785436877
c0971c02-f435-4dac-89b6-da404e5ebcf1,회계장부_2002~2004 기타장부_금전출납부 1 복지자금_p26.jpeg,completed,1785436877
10c09a99-3e26-4c4a-b664-3f945a3708f8,회계장부_2002~2004 기타장부_금전출납부 1 복지자금_p25.jpeg,completed,1785436877
3fc1c46e-1a67-4383-a2cc-b943a4c4432b,회계장부_2002~2004 기타장부_금전출납부 1 복지자금_p23.jpeg,waiting,1785436716
3cfff187-0f51-4533-a123-9a9f202570f4,회계장부_2002~2004 기타장부_금전출납부 1 복지자금_p22.jpeg,completed,1785436664
93c8e6e0-4c6a-49e3-a1c9-8b88f5cb67c9,회계장부_2002~2004 기타장부_금전출납부 1 복지자금_p21.jpeg,completed,1785436631
4d91f730-310e-4e87-8664-2b68b901a977,회계장부_2002~2004 기타장부_금전출납부 1 복지자금_p20.jpeg,completed,1785436589
d25e25bd-ea4b-4336-b1f4-c7c4c69447a8,회계장부_2002~2004 기타장부_금전출납부 1 복지자금_p19.jpeg,completed,1785436551
40071073-4bea-4adf-afee-fd510f718c68,회계장부_2002~2004 기타장부_금전출납부 1 복지자금_p18.jpeg,completed,1785436509
c1bbd55e-b2cb-436e-bfff-282125c35067,회계장부_2002~2004 기타장부_금전출납부 1 복지자금_p17.jpeg,completed,1785436446
9fd08bac-0cc4-4c2e-ae37-7e8ab798c658,회계장부_2002~2004 기타장부_금전출납부 1 복지자금_p16.jpeg,completed,1785436404
0089c7d8-1dff-41bf-b296-d97d326b5241,회계장부_2002~2004 기타장부_금전출납부 1 복지자금_p15.jpeg,completed,1785436372
61c76922-c438-43c7-88aa-0f48ff87c382,회계장부_2002~2004 기타장부_금전출납부 1 복지자금_p14.jpeg,completed,1785436304
74bdc30f-2fc8-4f20-b197-cd3de962877e,회계장부_2002~2004 기타장부_금전출납부 1 복지자금_p13.jpeg,completed,1785436246
38ec4550-c381-4be5-b70e-aaec21578d3c,회계장부_2002~2004 기타장부_금전출납부 1 복지자금_p12.jpeg,completed,1785436204
1afed178-5150-469b-b9ee-3d82aeee1069,회계장부_2002~2004 기타장부_금전출납부 1 복지자금_p11.jpeg,completed,1785436171
71169f02-7fda-44f7-9b4c-8b65bfec7b6b,회계장부_2002~2004 기타장부_금전출납부 1 복지자금_p10.jpeg,completed,1785436119
051dc542-84e7-4d73-b039-77f006af30a6,회계장부_2002~2004 기타장부_금전출납부 1 복지자금_p9.jpeg,completed,1785436071
3f191125-cf9d-4b01-828a-af20150178d6,회계장부_2002~2004 기타장부_금전출납부 1 복지자금_p8.jpeg,completed,1785436029
2412591f-9157-4da3-a3f5-55c77331de16,회계장부_2002~2004 기타장부_금전출납부 1 복지자금_p7.jpeg,completed,1785435961
285a4a49-6deb-40a8-9e6a-69d729ca1316,회계장부_2002~2004 기타장부_금전출납부 1 복지자금_p6.jpeg,completed,1785435913
2d09db93-e1eb-4409-ac67-931182f9aebd,갑근세 기타서류(적립금)_1994~1999_1992 운영 퇴직 적립금_1992_p1.jpeg,completed,1785435870
89b1da8e-7a29-498d-936d-3c69e937818e,회계장부_2002~2004 기타장부_금전출납부 1 복지자금_p5.jpeg,completed,1785435830
e7b2b3a7-b740-4dbf-9b37-7cbe9d789fa0,갑근세 기타서류(적립금)_1994~1999_1992 운영 퇴직 적립금_1992_p0.jpeg,completed,1785435823
1ff1e03d-4517-4a05-8932-d439fc799316,회계장부_2002~2004 기타장부_금전출납부 1 복지자금_p4.jpeg,completed,1785435165
6daf6762-6e64-45ac-a40f-156dfc0a3ecb,회계장부_2002~2004 기타장부_금전출납부 1 복지자금_p3.jpeg,completed,1785435107
fa25594f-e1fc-4d4c-8ae3-2bad89b112d0,회계장부_2002~2004 기타장부_금전출납부 1 복지자금_p2.jpeg,completed,1785435024
1f9fd10c-a690-4b08-89f2-408644f787fd,회계장부_2002~2004 기타장부_금전출납부 1 복지자금_p1.jpeg,completed,1785434961
778d52fe-7a90-42be-8eab-6fae89e0d4f1,회계장부_2002~2004 기타장부_금전출납부 1 복지자금_p0.jpeg,completed,1785434913
900e3f5b-91d2-4cdd-b5c9-857401abdf85,준공식 행사_9.jpeg,completed,1785343107
11ca297c-575f-4aa3-adb3-3c17c04f00b9,준공식 행사_8.jpeg,completed,1785343066
d6eb7dfc-b3ae-41b2-a5dc-8c4fb5deff38,준공식 행사_7.jpeg,completed,1785343025
d98202e2-2926-470b-bcff-b8de760264b6,준공식 행사_6.jpeg,completed,1785342994
1ce7c009-c632-446f-8902-e6eee17f6a49,준공식 행사_5.jpeg,completed,1785342963
e6090943-3bad-47e9-8ab0-6741a199e5e2,준공식 행사_4.jpeg,completed,1785342927
c15c3d8e-a547-4b4d-9c5a-1898bc5bdca6,준공식 행사_32.jpeg,completed,1785342886
c72a846e-7a3d-4f31-886b-23e644e64cdc,준공식 행사_31.jpeg,completed,1785342845
be5ebcf9-66eb-40fa-b7dd-92ed1b740bc6,준공식 행사_30.jpeg,completed,1785342814
3743aacc-3411-4a66-8b1b-57ca53348c36,준공식 행사_3.jpeg,completed,1785342794
e3694f82-6dfe-432b-99b9-221e60bc716a,준공식 행사_29.jpeg,completed,1785342763
6958c0fa-a0af-49ee-9347-3694171323fb,준공식 행사_28.jpeg,completed,1785342722
232bccc0-f04f-4892-9717-8132f4dbc823,준공식 행사_27.jpeg,completed,1785342681
fbd00d7c-0cbe-454a-becf-821e46dd4fef,준공식 행사_26.jpeg,completed,1785342625
46211dee-3672-477c-b0ce-70b0ae960d4d,준공식 행사_25.jpeg,completed,1785342589
069d2864-6677-49d0-8228-6f92ecaa7857,준공식 행사_24.jpeg,completed,1785342553
05f0d32e-ebb0-4bc2-b8c5-438efeb402e1,준공식 행사_23.jpeg,completed,1785342512
024b712b-6766-4223-9a36-8536fd935cac,준공식 행사_22.jpeg,completed,1785342481
d7e329c6-b7c7-4a57-a01e-082346e003fc,준공식 행사_21.jpeg,completed,1785342440
3082f203-c60a-4456-8e35-b2b6a69187c4,준공식 행사_20.jpeg,completed,1785342359
66a50b6b-2479-4567-9925-54d67abf3d91,준공식 행사_2.jpeg,completed,1785342318
5609adb1-fe50-4b71-b3bf-fb3503dc372e,준공식 행사_19.jpeg,completed,1785342292
cee428bb-d90d-4489-9f73-1603beb19af1,준공식 행사_18.jpeg,completed,1785342226
44ec5d19-2004-403e-a552-f987b83d6243,준공식 행사_17.jpeg,completed,1785342164
d69dcfa2-9afc-47f8-9c98-53f6ecdca6a7,준공식 행사_16.jpeg,completed,1785342123
ff5556cd-121f-46cb-b1b3-85464f3e2518,준공식 행사_15.jpeg,completed,1785342052
d3cdc3d8-904c-4c30-abbc-cbd130b3fe86,준공식 행사_14.jpeg,completed,1785342006
26aa7e50-f75d-42f9-87d5-f8c561720613,준공식 행사_13.jpeg,completed,1785341980
d1d7960b-ba85-4120-8f12-27f448d2aef7,준공식 행사_12.jpeg,completed,1785341939
730cfc60-296f-4af1-a1f8-4e74412f3000,준공식 행사_11.jpeg,completed,1785341867
b539fd91-73fe-491d-a835-0ffd39990b10,준공식 행사_10.jpeg,completed,1785341832
0c033fc9-14ce-4d88-acd7-c29b0bf069a0,준공식 행사_1.jpeg,completed,1785341760
b09b59d8-ccc0-47ff-a1e3-ea490bee502e,준공식 행사_1 중간.jpeg,completed,1785341689
